PUN,Status,Recipe/Task,Total Execution Time (s)
1122306M01100560,Pass,12,0.489672192538222
1122306M01100350,Pass,14,0.27897909619716277
1122305M01302570,Pass,14,0.26959759636008385
1122306M01300180,Pass,21,0.189804997745779
1122306M01300500,Pass,22,0.2057569974687532
1122305M01402740,Pass,14,0.2567808965826614
1122305M01402460,Pass,11,0.25232519666004005
1122306M01400860,Pass,14,0.2637056964624038
1122306M01400120,Pass,34,0.21374329802470987
1122305M01403020,Pass,21,0.20182049753711528
1122305M01202520,Pass,12,0.5005229923497847
1122306M01400300,Pass,31,0.15209449909531592
1122306M01300330,Pass,11,0.25993999652779975
1122306M01100840,Pass,33,0.23616599763531254
1122306M01200440,Pass,24,0.26452109644824345
1122305M01402860,Pass,11,0.24653439676060426
1122305M01302690,Pass,24,0.20634279745858006
1122305M01102470,Pass,11,0.2442511968002548
1122306M01400750,Pass,32,0.20487079817879156
1122306M01300740,Fail,12,0.31708439553541806
1122306M01300370,Pass,22,0.4311128935551751
1122305M01102870,Pass,24,0.19860119759302233
1122306M01400230,Pass,13,0.4150737938337135
1122306M01200850,Pass,14,0.26375659646151994
1122305M01202560,Pass,21,0.18872029776461613
1122305M01102790,Pass,11,0.2546566966195507
1122306M01300660,Pass,23,0.20898629741267247
1122306M01300740,Pass,31,0.15280989908289214
1122306M01300220,Pass,23,0.3476002950054725
1122306M01400380,Pass,22,0.3323419952704514
1122305M01102510,Pass,13,0.25471599661852085
1122305M01202640,Pass,23,0.2239917971520838
1122306M01200250,Pass,12,0.4162610938130946
1122305M01102390,Pass,32,0.20632519815353415
1122306M01400750,Pass,21,0.19099409772512882
1122305M01102590,Pass,11,0.25073199668770785
1122306M01100160,Pass,21,0.18413289784428188
1122306M01100040,Pass,31,0.1538375990650449
1122306M01300580,Pass,12,0.389969094269687
1122306M01300540,Pass,34,0.23260449769716227
1122306M01400190,Pass,33,0.25591839729228816
1122306M01100200,Pass,24,0.4701344928775178
1122305M01403100,Pass,33,0.2247600978333898
1122305M01303090,Pass,32,0.24500159748187164
1122306M01100040,Pass,12,0.2865216960661764
1122305M01302490,Pass,21,0.19799679760351846
1122305M01302850,Pass,22,0.21455369731598783
1122306M01300740,Fail,34,0.13729529935232196
1122305M01302890,Pass,14,0.2549315966147767
1122305M01302410,Pass,34,0.19562429833936823
1122306M01100470,Pass,24,0.31048449565003333
1122305M01203080,Fail,34,0.13158169945154555
1122306M01300050,Pass,33,0.24925789740795584
1122306M01400340,Pass,24,0.27236989631193953
1122306M01200360,Pass,14,0.4815208926797791
1122306M01300620,Pass,31,0.1557025990326569
1122306M01400300,Pass,12,0.44191379336760445
1222306M01201000,Pass,14,0.32657779537055365
1122306M01200570,Pass,13,0.2423905968325664
1122305M01302690,Pass,21,0.19541089764842576
1122305M01303130,Pass,33,0.22959149774948667
1122305M01302530,Pass,11,0.2420726968380871
1122306M01200610,Pass,34,0.2621790971835636
1122305M01203040,Pass,32,0.24221639753024
1122306M01400590,Pass,32,0.2499479973959714
1122306M01200400,Pass,12,0.4414562933755495
1122306M01300740,Pass,32,0.19899539828082502
1122306M01100430,Pass,21,0.18901549775948961
1122306M01300780,Pass,22,0.33985349514000507
1122306M01300890,Pass,22,0.2014064975443049
1122305M01303130,Pass,22,0.2035060975078428
1122306M01100160,Pass,34,0.3321618959682275
1122305M01102390,Pass,31,0.15591349902899437
1122305M01302770,Pass,22,0.23424649697399852
1122306M01200530,Pass,24,0.37322779456041993
1122306M01300700,Pass,34,0.20576919816318978
1122306M01100010,Pass,22,0.20640309745753288
1122305M01302730,Pass,33,0.21949189792487847
1122306M01300110,Pass,24,0.2980253958664007
1122305M01402860,Pass,23,0.18568149781738857
1222306M01200960,Pass,11,0.25535399660744124
1122306M01100430,Pass,32,0.22768319778262663
1122306M01400670,Pass,12,0.4236996936839143
1122305M01102550,Pass,34,0.252719897347834
1122306M01300050,Pass,12,0.3635869947278441
1122305M01302770,Pass,23,0.19322439768639696
1122305M01102830,Pass,13,0.2387103968964775
1122306M01300660,Pass,13,0.2329399969966875
1222306M01101030,Pass,22,0.335796195210465
1122305M01202800,Pass,23,0.1909881977252313
1122306M01200360,Pass,13,0.44027639339603986
1122306M01300080,Pass,22,0.21592009729225867
1122305M01202960,Pass,31,0.15570409903263085
1122306M01400420,Pass,12,0.4299796935748545
1122305M01302890,Pass,33,0.21579329798910912
1122306M01200250,Pass,14,0.36248679474695045
1122305M01203080,Fail,32,0.1303341994732099
1122306M01100240,Pass,23,0.3126294956127828
1122305M01102870,Pass,32,0.22427779784176552
1122306M01400190,Pass,24,0.4499828932274747
1122306M01200770,Pass,22,0.20810469742798254
1122305M01102390,Pass,34,0.20948159809871944
1122305M01402740,Pass,11,0.25261419665502116
1222306M01401020,Pass,33,0.284725496792018
1122305M01302730,Pass,34,0.16031649895253094
1122305M01202680,Pass,32,0.2087236981118813
1122306M01400380,Pass,12,0.3944849941912629
1122306M01200650,Pass,12,0.28282349613040014
1122306M01100800,Pass,11,0.265207396436325
1122306M01300660,Pass,21,0.19934189758015916
1122306M01300890,Pass,11,0.2484041967281329
1122305M01402780,Pass,12,0.36601639468565467
1122305M01403060,Pass,22,0.2081886974265238
1122306M01400230,Pass,34,0.22155129788911448
1122306M01300580,Pass,21,0.20574299746899632
1222306M01100950,Pass,12,0.36845509464330367
1122305M01102910,Fail,33,0.18868199845992967
1222306M01300970,Pass,11,0.2594552965362172
1122305M01303090,Pass,33,0.2377028976086224
1122306M01400090,Pass,24,0.27606479624777314
1122305M01303130,Pass,21,0.2013488975453052
1122305M01302930,Pass,21,0.19639219763138427
1122305M01202600,Pass,11,0.2505007966917229
1122305M01102950,Pass,12,0.25904599654332516
1122305M01202480,Pass,31,0.15704079900941745
1122305M01402660,Pass,34,0.2202503979117062
1222306M01400940,Pass,21,0.21438019731900088
1122306M01400300,Pass,14,0.44287459335091894
1122305M01402940,Pass,14,0.26800699638770653
1122306M01300220,Pass,14,0.45818639308501097
1122305M01202680,Pass,34,0.17126099876246645
1122305M01402540,Pass,23,0.18881799776291944
1122306M01200810,Pass,32,0.21371169802525863
1122306M01100100,Pass,23,0.3875464943117584
1122306M01400510,Pass,11,0.2449433967882339
1122306M01100720,Pass,32,0.23302139768992233
1122306M01200920,Pass,23,0.21941149723162628
1122305M01402820,Pass,32,0.21183809805779596
1122305M01303050,Pass,32,0.2212797978938294
1122306M01300110,Pass,22,0.3975018941388708
1122305M01202720,Pass,31,0.15283259908249794
1122305M01302610,Pass,21,0.1918860977096382
1122305M01102830,Pass,34,0.20551069816767892
1122306M01200320,Pass,32,0.2529528973437877
1122306M01300450,Pass,14,0.36459149471039975
1122306M01200400,Pass,14,0.3482931949934395
1122305M01203080,Fail,32,0.12385029958581067
1122306M01400420,Pass,21,0.18599639781191996
1122305M01202440,Pass,14,0.2636886964626991
1122306M01300450,Pass,32,0.22511409782724215
1122305M01402500,Pass,32,0.24283399751951462
1122306M01200250,Pass,31,0.15723659900601714
1122305M01102590,Pass,12,0.3370493951887017
1122306M01100470,Pass,33,0.2111853980691309
1122305M01102830,Pass,23,0.18535679782302736
1122306M01400670,Pass,31,0.15316209907677575
1122306M01400150,Pass,12,0.4011224940759947
1122306M01100160,Pass,33,0.2796328968804572
1122305M01202880,Pass,31,0.1528836990816105
1122306M01400030,Pass,34,0.21632739797983386
1122305M01302450,Pass,32,0.29913979654169626
1122306M01300500,Pass,34,0.22310299786216736
1122305M01402940,Pass,13,0.2556129966029434
1122306M01400830,Pass,32,0.23651539762924478
1222306M01201040,Pass,14,0.34445509506009275
1122305M01402980,Pass,12,0.2563941965893769
1122305M01403100,Pass,32,0.21547749799459337
1122306M01200480,Pass,34,0.2527070973480563
1222306M01401020,Pass,13,0.43475649349189954
1122306M01100200,Pass,31,0.1546750990505007
1122305M01203080,Pass,21,0.20457779748923144
1122305M01302890,Pass,11,0.2855947960822731
1122306M01300500,Pass,14,0.271231796331704
1122305M01202600,Pass,33,0.22789339777897624
1122306M01100870,Pass,23,0.20073899755589683
1122305M01102950,Pass,14,0.275162996263434
1122306M01100800,Pass,22,0.24893519671891146
1122306M01400510,Pass,14,0.2757627962530177
1122305M01202440,Pass,22,0.2144420973179259
1122306M01300080,Pass,23,0.2767179962364295
1122305M01202560,Pass,23,0.18926419775517064
1122306M01400340,Fail,33,0.14105789928697987
1122306M01200610,Pass,23,0.18085819790115099
1122305M01203000,Pass,23,0.19089169772690712
1122306M01200440,Pass,13,0.263004096474588
1222306M01400940,Pass,32,0.2578518972587106
1122305M01102390,Pass,33,0.2178872979527443
1122306M01100070,Pass,24,0.2292529970607167
1122306M01100560,Pass,33,0.19530839834485425
1122306M01400670,Pass,24,0.20875579741667538
1122306M01100600,Pass,23,0.18827919777227636
1122306M01400900,Pass,14,0.27940709618973003
1122306M01100760,Pass,13,0.22661149710658954
1122305M01302610,Pass,11,0.26183799649483874
1122306M01200770,Pass,23,0.18585769781432862
1122306M01100200,Pass,32,0.26551849712557085
1122305M01202760,Pass,12,0.3064128957207416
1122305M01202440,Pass,21,0.19791009760502412
1122305M01402700,Pass,21,0.19460089766249236
1122305M01102830,Pass,21,0.19627979763333625
1122306M01300490,Pass,32,0.20170309823380253
1122305M01203080,Fail,31,0.12258219960783276
1122306M01100390,Pass,33,0.2613304971983005
1122305M01402660,Pass,22,0.19858719759326546
1222306M01201040,Pass,23,0.25624969659188634
1122306M01300140,Pass,14,0.40217069405779143
1122306M01400230,Pass,21,0.21138899737094669
1122306M01100070,Pass,11,0.2546164966202488
1122305M01303010,Pass,31,0.1614779989323601
1122305M01202400,Pass,14,0.2630808964732543
1122305M01203000,Pass,21,0.18702419779407095
1122306M01200400,Pass,21,0.1905048977336244
1122305M01303090,Pass,11,0.25619009659292136
1122306M01100760,Pass,33,0.20801989812410365
1122306M01300220,Pass,32,0.24833319742401436
1222306M01100950,Pass,32,0.2560740972895843
1122306M01100470,Pass,34,0.23533109764981158
1122305M01102630,Pass,24,0.20894279741342792
1122306M01100600,Pass,21,0.19976659757278373
1122305M01402980,Pass,11,0.263299496469458
1122306M01200360,Pass,11,0.25965459653275613
1122306M01400190,Pass,22,0.3913867942450669
1222306M01301010,Pass,34,0.24556519747208405
1122305M01302570,Pass,11,0.26040969651964285
1122305M01303090,Pass,31,0.15904639897458778
1122305M01403140,Pass,24,0.20432219749367025
1122305M01102950,Pass,34,0.2401195975666535
1122305M01302890,Pass,22,0.2076992974350228
1122305M01302930,Pass,33,0.2251450978267038
1122305M01203000,Pass,14,0.2828802961294137
1122305M01102910,Fail,34,0.13003369947842844
1122306M01100100,Pass,13,0.43129359355203706
1122306M01200880,Pass,32,0.243666397505059
1122306M01300740,Pass,21,0.19689059762272898
1122305M01202400,Pass,11,0.2565462965867355
1122305M01202520,Pass,24,0.20847849742149108
1122305M01302410,Pass,31,0.15514129904240456
1122305M01102990,Pass,14,0.27407619628230756
1122306M01200770,Pass,21,0.19881829758925212
1122305M01402500,Pass,21,0.18915059775714343
1122305M01202680,Pass,22,0.21635809728465225
1122306M01400710,Pass,11,0.24437699679807015
1122305M01302610,Pass,13,0.25470209661876225
1122306M01400340,Pass,11,0.2884909960319771
1122305M01202760,Pass,21,0.19420699766933291
1122305M01303010,Pass,23,0.19105659772404343
1122306M01200730,Pass,32,0.25326979733828436
1122306M01400550,Pass,21,0.18416629784370184
1122306M01100390,Pass,21,0.2514046966760256
1122305M01402620,Pass,13,0.23887689689358604
1122306M01200480,Pass,13,0.3991646941099943
1122305M01202840,Pass,23,0.19225479770323525
1122305M01203080,Fail,31,0.12589559955029156
1122305M01402500,Pass,24,0.20045939756075246
1122306M01100560,Pass,24,0.20278069752044026
1122306M01200730,Pass,23,0.20347179750843847
1122306M01300700,Pass,32,0.2440057974991649
1122305M01103070,Pass,34,0.20072159825084745
1122305M01402860,Pass,13,0.24539279678042952
1122305M01203000,Pass,24,0.19920849758247583
1222306M01301010,Pass,14,0.30194229579837895
1122305M01202760,Pass,24,0.20363019750568767
1122305M01303010,Pass,21,0.20156789754150198
1122306M01300490,Pass,14,0.26085729651186973
1122305M01202480,Pass,13,0.22429779714676976
1122305M01402700,Pass,33,0.20888439810909054
1122305M01303010,Pass,34,0.21576459798960754
1122306M01400090,Pass,22,0.20908009741104353
1122306M01100870,Pass,12,0.4165116938087426
1122306M01400230,Pass,12,0.574018391073448
1122306M01100310,Pass,24,0.4285309936000129
1122306M01400060,Pass,11,0.2545250966218361
1122305M01303090,Pass,21,0.19503979765487034
1122306M01400590,Pass,13,0.24166819684511173
1122306M01300450,Pass,13,0.4313897935503664
1122305M01402620,Pass,14,0.23479639696444884
1122306M01200770,Pass,31,0.157200099006651
1122306M01300930,Pass,13,0.24670589675762597
1122305M01202840,Pass,14,0.25555629660392803
1122306M01400120,Pass,21,0.19628799763319385
1122306M01100870,Pass,13,0.2812128961583701
1122306M01100720,Pass,14,0.36517389470028566
1122305M01203080,Pass,11,0.2547355966181805
1122305M01302610,Pass,31,0.15672479901490516
1122305M01103030,Pass,33,0.22135799789247138
1122306M01300220,Pass,11,0.24482259679033175
1122306M01300180,Pass,33,0.23975209757303556
1122305M01302650,Pass,34,0.20756299813203827
1122306M01300540,Pass,12,0.40033999408958376
1122305M01302610,Pass,34,0.2639406971529712
1222306M01100990,Pass,33,0.2362499976338538
1122306M01200400,Pass,33,0.2757302969482306
1122305M01302970,Pass,23,0.21971539722634867
1122305M01202680,Pass,13,0.24802669673468866
1122305M01102630,Pass,21,0.18733599778865617
1122306M01200690,Pass,23,0.19218819770439186
1122305M01202520,Pass,13,0.2355034969521692
1122305M01202840,Pass,31,0.15135569910814609
1122306M01100280,Pass,32,0.2667929971034376
1122306M01100310,Pass,23,0.31619959555078375
1122306M01200210,Pass,11,0.2392179968876624
1122305M01302530,Pass,32,0.20916379810423844
1122306M01200650,Pass,13,0.2545449966214905
1122305M01302490,Pass,11,0.2454676967791288
1122305M01302810,Pass,34,0.21149249806379772
1122306M01100160,Pass,12,0.48593099260319245
1122306M01400590,Pass,24,0.20512849747966785
1122305M01402460,Pass,14,0.2533833966416631
1122305M01402700,Pass,13,0.2575159965698955
1122306M01100870,Pass,32,0.23496949765609118
1122305M01303090,Pass,14,0.2661909964192436
1122306M01100470,Pass,14,0.27914739619424
1122305M01402420,Pass,33,0.24510619748005513
1122306M01400550,Pass,23,0.4164075938105504
1122305M01302850,Pass,13,0.3246860954034053
1122306M01400710,Pass,13,0.23831099690341356
1122305M01402580,Pass,12,0.3856420943448306
1122305M01102830,Pass,24,0.20252569752486863
1122305M01202960,Pass,24,0.20415339749660164
1122306M01100130,Pass,31,0.15125279910993306
1122306M01400900,Pass,33,0.240941797552375
1222306M01300970,Pass,32,0.24579869746802904
1122306M01100910,Pass,34,0.22049079790753134
1122306M01300740,Fail,12,0.3956868941703905
1122305M01102910,Pass,31,0.15256209908719548
1122306M01300490,Pass,13,0.27947269618859083
1122306M01200530,Pass,13,0.41057499391184066
1122306M01400270,Pass,33,0.2738494969808929
1122306M01100100,Pass,24,0.2555885966033671
1122305M01202680,Pass,12,0.29906309584837976
1122305M01302530,Pass,13,0.24261049682874755
1122306M01300540,Pass,22,0.22858769707227045
1122306M01400750,Pass,24,0.21460769731505006
1122305M01302770,Pass,12,0.405824593994337
1122306M01400900,Pass,22,0.20653919745516935
1122306M01400550,Pass,22,0.19661479762751857
1122306M01100040,Pass,13,0.25212799666346464
1122306M01200730,Pass,11,0.2528429966510478
1122305M01102990,Pass,13,0.2371601969233986
1122306M01400030,Pass,12,0.2791512961941723
1122306M01200650,Pass,34,0.21358289802749542
1122305M01103070,Fail,14,0.35144319493873594
1122306M01200810,Pass,13,0.24136459685038408
1122305M01402660,Pass,33,0.19941609827351903
1122306M01300410,Pass,14,0.3479528949993492
1122306M01200920,Pass,24,0.23223649700890459
1122306M01100350,Pass,32,0.2603012972161738
1122306M01200690,Pass,22,0.1998794975708231
1122305M01303050,Pass,12,0.3288213953315909
1122306M01300930,Pass,14,0.26633069641681756
1122305M01102430,Pass,31,0.15739989900318124
1222306M01201000,Pass,33,0.20872619811183787
1122306M01200530,Pass,32,0.2555109972993632
1122306M01200880,Pass,33,0.18789979847351354
1122305M01302930,Fail,12,0.43929199341313513
1122305M01402700,Pass,24,0.21162429736686042
1122306M01100640,Pass,31,0.15289119908148027
1122305M01303050,Pass,11,0.2557998965996976
1122306M01100010,Pass,14,0.2602203965229303
1122305M01302610,Pass,32,0.22941049775262998
1122306M01300080,Pass,31,0.15514779904229167
1122305M01102630,Pass,23,0.19710339761903342
1122305M01402980,Pass,13,0.24750849674368783
1122306M01200810,Pass,24,0.21256499735052403
1122306M01300140,Pass,34,0.29459459662062915
1122306M01200730,Pass,13,0.2451484967846721
1122305M01102390,Pass,22,0.20436159749298602
1122305M01303090,Pass,22,0.20849439742121492
1122305M01202560,Pass,33,0.25026139739052883
1122306M01100800,Pass,33,0.21202079805462315
1122306M01200570,Pass,32,0.2069694981423451
1122306M01400090,Pass,13,0.5065282922454953
1122306M01100070,Pass,34,0.24363629750558172
1122306M01400460,Pass,11,0.25384279663368503
1122306M01100280,Pass,23,0.351406394939375
1122306M01400670,Pass,21,0.2011683975484398
1122305M01302730,Pass,13,0.24973609670500285
1122306M01300540,Pass,11,0.2595881965339092
1122305M01103070,Pass,21,0.19075259772932276
1122305M01202920,Pass,32,0.21310229803584163
1122305M01103070,Pass,11,0.25089749668483374
1122306M01400340,Fail,34,0.15251439908802386
1122305M01403020,Pass,12,0.25142969667559145
1122306M01400510,Pass,33,0.22857179776719502
1122305M01102590,Pass,14,0.2616742964976816
1122305M01202720,Pass,33,0.23890349758777255
1122306M01400420,Pass,34,0.26369079715731103
1122305M01403060,Pass,24,0.20024749756443233
1122306M01300410,Pass,24,0.2045294974900702
1122305M01102590,Pass,32,0.24198779753420993
1122306M01300370,Pass,13,0.47193329284627944
1122306M01400460,Pass,32,0.20752279813273639
1122306M01200250,Pass,32,0.1779670986460069
1122306M01100520,Pass,12,0.4874727925764172
1122306M01400830,Pass,34,0.2177195979556566
1122306M01400120,Pass,32,0.26558779712436736
1122306M01400060,Pass,24,0.39915299411019745
1122305M01102630,Pass,22,0.21027249739033607
1122306M01400860,Pass,13,0.2406873968621445
1122305M01303090,Pass,23,0.19706139761976282
1122305M01402460,Pass,32,0.21093549807347073
1122306M01100430,Pass,24,0.44674259328374644
1222306M01200960,Pass,31,0.1523938990901165
1122306M01200610,Pass,21,0.20372019750412468
1122306M01100870,Pass,24,0.21434969731953055
1122306M01300450,Pass,23,0.3247932954015437
1122306M01400860,Pass,31,0.15874609897980285
1122306M01400030,Pass,24,0.21188579736231916
1122306M01200690,Pass,32,0.23250459769889717
1122306M01400030,Pass,21,0.19729669761567653
1122305M01202920,Pass,24,0.20815349742713507
1122306M01400270,Pass,34,0.2155426979934611
1122306M01400420,Pass,32,0.21382049802336922
1222306M01100950,Pass,23,0.18737739778793722
1122306M01100720,Pass,13,0.2391051968896213
1122306M01300220,Pass,34,0.253540397333585
1122305M01102710,Pass,32,0.20703249814125102
1122305M01202840,Pass,21,0.19498889765575428
1122305M01102590,Pass,33,0.20647539815092575
1122305M01202880,Pass,34,0.22344189785628193
1122305M01202640,Pass,11,0.2574708965706787
1122306M01300660,Pass,34,0.23339749768339088
1122306M01400190,Pass,23,0.2958443959042764
1122306M01300450,Pass,31,0.15708849900858907
1122306M01300890,Pass,33,0.2247122978342199
1122306M01200360,Pass,21,0.22720729709624277
1122305M01402820,Pass,14,0.25905259654321056
1122306M01100680,Pass,31,0.15199529909703866
1122305M01102750,Pass,14,0.27580769625223794
1122306M01400510,Pass,23,0.18803129777658142
1122305M01302490,Pass,32,0.20997019809023432
1122305M01102870,Pass,13,0.31431119558357806
1122306M01200570,Pass,11,0.2533732966418385
1122306M01400340,Fail,32,0.15450969905337306
1122305M01403100,Pass,12,0.5216600919827133
1122305M01302610,Pass,23,0.19343199768279173
1122305M01102590,Pass,31,0.15469359905017943
1122305M01302850,Pass,11,0.2548417966163362
1122305M01302730,Pass,31,0.1561544990248091
1122305M01402460,Pass,22,0.21199399736044014
1122306M01400790,Pass,34,0.21999679791611026
1122305M01402740,Pass,33,0.24802059742944305
1122306M01100130,Pass,24,0.3441384950655909
1122305M01403100,Pass,31,0.15742769900269846
1122306M01100100,Pass,21,0.18908859775822015
1122306M01400860,Pass,34,0.2053024981712946
1122305M01403140,Pass,12,0.27179559632191297
1122305M01402980,Pass,14,0.26403299645671985
1122306M01100470,Pass,22,0.2269428971008344
1122306M01100280,Pass,11,0.25671949658372767
1122305M01102470,Pass,24,0.21138599737099878
1122306M01200850,Pass,32,0.25015769739232974
1122305M01403100,Pass,21,0.18996239774304555
1122306M01400120,Pass,33,0.2788037968948555
1122306M01100240,Pass,13,0.4227672937001066
1122306M01100070,Pass,23,0.20164189754021689
1122305M01302970,Pass,11,0.24592489677118898
1122305M01202520,Pass,23,0.19532629764989495
1122306M01400150,Pass,23,0.3204214954774653
1122306M01300110,Pass,12,0.3646429947095054
1122306M01400590,Pass,31,0.15933929896950122
1122306M01200530,Pass,22,0.202098697532284
1122305M01302730,Pass,21,0.1916587977135855
1222306M01101030,Pass,23,0.25567539660185973
1122306M01100390,Pass,12,0.43610839346842223
1122305M01202840,Pass,22,0.2066640974530003
1122306M01300330,Pass,22,0.33616749520401695
1122306M01400030,Pass,13,0.23264569700179838
1122305M01302690,Pass,23,0.18817649777405987
1122306M01300620,Pass,22,0.20668119745270336
1122305M01102430,Pass,34,0.23311329768832637
1122305M01402860,Pass,21,0.19231619770216896
1122306M01300140,Pass,23,0.2894456960153976
1122306M01200210,Pass,22,0.4107133939094371
1122305M01102950,Pass,31,0.15550959903600858
1122305M01103030,Pass,13,0.2411403968542776
1122306M01100640,Pass,34,0.25989779722318107
1122305M01102510,Pass,32,0.25372089733045045
1122306M01400340,Pass,31,0.15566419903332376
1122305M01402940,Pass,33,0.24049219756018284
1122306M01400830,Pass,14,0.2787720962007576
1122305M01302810,Pass,24,0.21629419728576196
1122306M01100100,Pass,12,0.4738972928121722
1222306M01100950,Pass,14,0.26337369646816944
1122305M01102790,Pass,31,0.15382549906525503
1122305M01102510,Pass,11,0.2650394964392408
1222306M01400940,Pass,22,0.20562609747102645
1122306M01300890,Pass,24,0.2116052973671904
1122306M01100840,Pass,12,0.38472559436074677
1122306M01100280,Pass,13,0.45501099314015564
1122306M01100040,Pass,14,0.28448469610155136
1122306M01200360,Pass,12,0.5590796913328766
1122305M01202480,Pass,33,0.19657549832284948
1122306M01200770,Pass,33,0.22236109787505132
1122305M01402420,Pass,31,0.1521527990943035
1122306M01300700,Pass,22,0.22685469710236608
1122306M01100070,Pass,13,0.24227409683458953
1122306M01200400,Pass,24,0.3380456951713997
1122306M01200920,Pass,32,0.2040290981934087
1222306M01201040,Pass,22,0.43565489347629777
1122306M01300490,Pass,21,0.1936761976785509
1122305M01403100,Pass,34,0.20451289818500695
1122306M01400150,Pass,22,0.3757218945171069
1222306M01400980,Pass,22,0.2075073974383554
1122305M01102670,Pass,23,0.1884218977697982
1122306M01200920,Pass,34,0.21221979805116728
1122305M01302730,Pass,23,0.19811539760145883
1122305M01402540,Pass,13,0.24430209679937084
1122306M01300410,Pass,31,0.15795159899360028
1122305M01402420,Pass,12,0.3539330948954958
1122306M01100130,Pass,34,0.21829209794571444
1122306M01400830,Pass,21,0.20053599755942217
1122305M01202400,Pass,33,0.23081529772823392
1122305M01102630,Pass,34,0.22206089788026467
1222306M01100990,Pass,34,0.22322689786001565
1122305M01302930,Pass,34,0.22345059785613086
1122306M01400630,Pass,23,0.18508169782780481
1122305M01402940,Pass,23,0.19222279770379097
1122305M01203080,Fail,14,0.29964129583833865
1122306M01100430,Pass,13,0.3101502956558371
1122306M01200480,Pass,21,0.1874838977860877
1122306M01400790,Pass,13,0.24647629676161326
1122306M01300740,Fail,14,0.5846124908894688
1122305M01402820,Pass,22,0.21075919738188395
1122306M01100160,Pass,23,0.3058012957313628
1122306M01100240,Pass,34,0.27315899699288426
1122306M01100600,Pass,13,0.24194459684031172
1122306M01400420,Pass,24,0.24225299683495596
1122306M01200880,Pass,31,0.15718829900685594
1122305M01202800,Pass,31,0.15224389909272143
1122306M01200730,Pass,21,0.20816869742687108
1122305M01402980,Pass,34,0.18178099857977392
1122305M01302490,Pass,23,0.20551109747302354
1122305M01302770,Pass,31,0.1491713991460791
1122305M01403060,Pass,14,0.26250369648327804
1122306M01100640,Pass,14,0.2765234962398072
1122306M01200440,Pass,31,0.15228129909207194
1122305M01403020,Pass,32,0.22090479790034176
1122305M01302530,Pass,31,0.15721359900641657
1122305M01102910,Pass,23,0.19531379765011203
1122306M01200880,Pass,23,0.1939426976739228
1122305M01202880,Pass,24,0.20527219747717232
1122305M01202600,Pass,32,0.23613449763585956
1122305M01102390,Pass,12,0.27460819627306876
1122305M01403140,Pass,23,0.19969449757403585
1122306M01200690,Pass,11,0.25652409658712105
1122306M01400340,Pass,22,0.32456809540545456
1122306M01400270,Pass,31,0.15318939907630166
1122306M01400460,Pass,22,0.2713249963300855
1122306M01100390,Pass,11,0.2497998967038949
1122305M01102470,Pass,33,0.20510949817464624
1122305M01202480,Pass,11,0.24162599684584457
1122305M01402580,Pass,13,0.23384229698101797
1122306M01400590,Pass,33,0.21185599805748512
1122306M01200920,Pass,22,0.24932669671211258
1122306M01400460,Pass,34,0.22032459791041764
1122306M01400030,Pass,11,0.24462109679383104
1122305M01402900,Pass,34,0.24274409752107587
1122305M01402860,Pass,14,0.250570296690516
1122305M01302450,Pass,33,0.23081859772817662
1122305M01202680,Pass,14,0.26564979642864217
1122306M01300450,Pass,21,0.21354629733348257
1122305M01202760,Pass,23,0.19570819764326278
1122306M01100350,Pass,24,0.3154227955642738
1122305M01402460,Pass,13,0.23497009696143234
1122305M01302570,Pass,33,0.21742569796076053
1122305M01203080,Pass,23,0.19331589768480795
1122305M01102990,Pass,22,0.264966296440512
1122305M01102630,Pass,33,0.21233559804915628
1122306M01200880,Pass,14,0.3520247949286357
1122305M01102710,Pass,31,0.15249279908839897
1122305M01102590,Pass,34,0.1843955985343682
1122306M01300580,Pass,32,0.21877839793726928
1222306M01400980,Pass,32,0.25975009722574605
1122305M01302410,Pass,24,0.20035009756265057
1122306M01200320,Fail,12,0.3250763953966273
1122305M01302850,Pass,32,0.20272629821603344
1122306M01100640,Pass,24,0.20490569748353704
1122305M01202440,Pass,31,0.15545689903692378
1122305M01403020,Pass,23,0.19080449772842145
1122306M01300330,Pass,14,0.28168179615022715
1122305M01402820,Pass,33,0.2280087977769722
1122306M01200360,Pass,24,0.4393284934125013
1122306M01100800,Pass,14,0.37692179449626917
1122305M01303050,Pass,22,0.21287969734505888
1122305M01402900,Fail,12,0.27081439633895266
1122306M01400860,Pass,22,0.2149991973082512
1122305M01303050,Pass,34,0.1819772985763649
1122305M01202880,Pass,32,0.23722819761686614
1122305M01402740,Pass,22,0.22453939714257407
1222306M01301010,Pass,33,0.26340519716227084
1122305M01102510,Pass,23,0.2111729973746978
1122305M01302450,Pass,11,0.24535729678104604
1222306M01100990,Pass,32,0.25361249733233293
1122306M01300620,Pass,24,0.23342339698829268
1122306M01100520,Pass,21,0.20384809750190355
1122305M01402940,Pass,11,0.27668779623695394
1122306M01400230,Pass,14,0.48984939253514465
1122305M01103030,Pass,23,0.19239969770071888
1122306M01400670,Pass,33,0.20445649818598638
1122305M01403140,Pass,33,0.21989689791784517
1122306M01400510,Pass,34,0.21045499808181517
1122305M01402780,Pass,24,0.21194379736131191
1222306M01101030,Pass,34,0.25463559731456553
1122306M01100470,Pass,11,0.2438486968072447
1122305M01402500,Pass,12,0.3592863948025293
1122306M01400790,Pass,23,0.19845229759560815
1122306M01300370,Pass,23,0.39499069418248084
1122306M01300740,Pass,13,0.30630919572254245
1122306M01300220,Pass,22,0.36524229469909786
1122306M01400670,Pass,11,0.2539101966325146
1122305M01402820,Pass,12,0.3787208944650256
1122306M01400750,Pass,23,0.19063569773135286
1122306M01100310,Pass,22,0.4282891936042121
1122306M01300370,Pass,21,0.20897469741287392
1122306M01300410,Pass,11,0.286662396063733
1122305M01202760,Pass,31,0.1620666989221366
1122306M01200170,Pass,12,0.4489563932453011
1122306M01100760,Pass,21,0.21157429736772873
1122305M01102510,Pass,14,0.2640310964567529
1122305M01202680,Pass,21,0.18570979781689712
1122306M01400830,Pass,22,0.2068931974490217
1122306M01300890,Pass,14,0.27734229622558776
1122306M01100070,Pass,14,0.26978219635687806
1122305M01302530,Pass,23,0.19417559766987824
1222306M01301010,Pass,31,0.1631744989028983
1122305M01402420,Pass,23,0.18956429774995903
1122306M01400060,Pass,34,0.2549396973092845
1122305M01103030,Pass,24,0.21000449739499022
1122305M01402940,Pass,32,0.1629262989072086
1122306M01100040,Pass,22,0.20832309742418978
1122306M01100240,Pass,32,0.3249725960930784
1222306M01400940,Pass,14,0.25501159661338746
1222306M01101030,Pass,31,0.20292819821252717
1122306M01400230,Pass,22,0.39126819424712656
1122306M01300540,Pass,23,0.2991475958469123
1122306M01200530,Pass,23,0.3746943945349507
1122305M01402420,Pass,22,0.21077089738168076
1122305M01402620,Pass,21,0.1980146976032076
1122305M01302970,Pass,31,0.15581429903071708
1122305M01402740,Pass,32,0.2512570973732373
1122306M01200170,Pass,33,0.2332100976866453
1122306M01300580,Pass,31,0.15586539902982968
1122306M01100520,Pass,11,0.2543625966246581
1122306M01300500,Pass,11,0.2513180966775295
1122305M01302570,Pass,21,0.18609359781023194
1122306M01300370,Pass,14,0.5630135912645597
1122305M01402580,Pass,24,0.20746649743906564
1122305M01302690,Pass,34,0.23135969771877973
1122305M01303010,Fail,12,0.4594975930622404
1122306M01400590,Pass,21,0.19015839773964177
1122306M01400150,Pass,13,0.5040453922886139
1122305M01403140,Pass,21,0.18722059779066022
1122306M01300580,Pass,22,0.22416369714909856
1122305M01102870,Pass,14,0.3085588956834737
1122305M01302930,Pass,14,0.4935228924713499
1122306M01100310,Pass,13,0.5941427907239636
1122306M01200170,Pass,32,0.27352199698658036
1122305M01303050,Pass,33,0.20319969820781225
1122305M01202520,Pass,32,0.25014409739256593
1122306M01100130,Pass,14,0.34325389508095305
1122306M01300020,Pass,21,0.19884749758874504
1122305M01102430,Pass,32,0.23233339770187025
1122305M01302770,Pass,34,0.23355289768069218
1122305M01302970,Pass,14,0.2692719963657383
1122306M01200290,Pass,33,0.26922109706127073
1222306M01400980,Pass,11,0.2508156966862543
1122305M01303010,Pass,32,0.24513459747956193
1222306M01100990,Pass,24,0.22017059721844356
1122305M01202880,Pass,33,0.24452559749013797
1122305M01303010,Fail,12,0.2843583961037447
1122306M01100840,Pass,14,0.2969721958846908
1122305M01102670,Pass,32,0.19807839829674984
1122305M01202960,Pass,33,0.20999879808973765
1122305M01102390,Pass,14,0.26839939638089205
1122305M01302650,Pass,12,0.38247399439984847
1122306M01400710,Pass,23,0.1992615975815537
1122306M01200770,Pass,34,0.23816869760053322
1122306M01100560,Pass,13,0.2415838968465757
1122306M01300330,Pass,21,0.21162119736691426
1122305M01102950,Pass,22,0.20526389747731646
1122306M01300330,Pass,23,0.2041674974963568
1122306M01100240,Pass,31,0.1530704990783665
1122306M01400710,Pass,33,0.256230797286863
1122306M01400830,Pass,23,0.21017039739210916
1122306M01400420,Pass,23,0.3289487953293784
1122305M01102470,Pass,21,0.1987298975907873
1122306M01200690,Pass,34,0.2533483973369194
1122306M01300580,Pass,34,0.23666269762668674
1222306M01100990,Pass,13,0.23699299692630224
1122306M01400510,Pass,13,0.36677129467254493
1122306M01200290,Pass,13,0.4674430929242572
1122305M01402500,Pass,11,0.251239696678891
1122306M01300500,Pass,32,0.21111159807041252
1122305M01402900,Pass,31,0.15294879908047998
1122306M01400460,Pass,12,0.47528559278806265
1122305M01203040,Pass,13,0.23637859693697202
1122305M01102710,Pass,33,0.23131269771959598
1122306M01200360,Pass,23,0.33152639528461525
1122306M01300020,Pass,31,0.15213999909452577
1122306M01400710,Pass,14,0.26171969649689314
1122305M01303010,Fail,12,0.3336130952483772
1122306M01100310,Pass,12,0.5040305922888709
1122305M01103070,Pass,23,0.18962249774894832
1122306M01100870,Pass,11,0.24882489672082694
1122306M01100870,Pass,22,0.28676449606195986
1122306M01200690,Pass,14,0.2790107961966123
1122306M01400420,Pass,33,0.21416369801740912
1122306M01400340,Fail,13,0.5974991906656755
1122305M01302530,Pass,22,0.2042124974955753
1122306M01100100,Pass,31,0.15205269909604185
1122305M01403020,Pass,11,0.25364889663705237
1122306M01300450,Pass,11,0.2547437966180381
1122306M01400340,Fail,12,0.31428069558410776
1122305M01302570,Pass,22,0.214524897316488
1122306M01400120,Pass,12,0.5171567920609186
1122306M01200690,Pass,13,0.23103289702980656
1122305M01302570,Pass,23,0.1943479976668843
1122305M01402540,Pass,33,0.17981929861384122
1122306M01400630,Pass,33,0.16439309888173584
1222306M01401020,Pass,21,0.2251051971327483
1122306M01400630,Pass,22,0.2013621975450742
1122305M01202400,Pass,21,0.18533059782348235
1122306M01100390,Pass,31,0.15475759904906797
1122305M01103030,Pass,32,0.21894469793438126
1122305M01102670,Pass,12,0.2865800960651622
1222306M01201000,Pass,24,0.20396579749985955
1222306M01400980,Pass,12,0.27412289628149655
1122305M01102470,Pass,23,0.19428569766796622
1122306M01200440,Pass,12,0.5510413914724714
1122305M01102550,Pass,24,0.2342487969739586
1122305M01202760,Pass,33,0.2650485971337312
1122305M01402460,Pass,33,0.21513169800059861
1122306M01400510,Pass,31,0.15186499909930148
1122305M01202480,Pass,12,0.27213479631602233
1122306M01100130,Pass,33,0.2795448968819854
1122306M01200810,Pass,23,0.19013959773996825
1122305M01303050,Pass,23,0.2011841975481654
1122305M01103070,Fail,12,0.30419039575933804
1122306M01100870,Pass,14,0.27315569629829317
1122306M01300700,Pass,31,0.1560553990265301
1122305M01102550,Pass,14,0.27366229628949545
1122305M01302530,Pass,33,0.23277939769412492
1122306M01400590,Pass,34,0.2329337976914436
1122306M01400030,Pass,31,0.15426409905763822
1122305M01102510,Pass,12,0.31388479559098303
1122306M01200480,Pass,22,0.2010391975506835
1122306M01400590,Pass,22,0.21460069731517165
1122305M01303010,Pass,11,0.24236689683297793
1122305M01402500,Pass,23,0.1949765976559679
1122306M01100800,Pass,32,0.19907479827944613
1122306M01100040,Pass,23,0.1908436977277407
1122306M01400860,Pass,11,0.24453689679529328
1122306M01400550,Pass,13,0.3922256942304984
1222306M01400980,Pass,14,0.2567922965824634
1122305M01302890,Pass,23,0.2323722970065463
1122305M01303130,Pass,32,0.23383209767584354
1122306M01100160,Pass,14,0.46675819293615134
1122305M01103070,Pass,22,0.19607079763696578
1122306M01100520,Pass,23,0.3075887957003207
1222306M01200960,Pass,13,0.25523869660944354
1122306M01200320,Pass,23,0.3685428946417789
1122306M01400300,Pass,33,0.22895639776051596
1122306M01100720,Pass,34,0.2054310981690613
1122305M01202640,Pass,22,0.21860809724557828
1122305M01402420,Pass,21,0.20388519750125925
1122306M01100600,Pass,24,0.2056242974710577
1122306M01100310,Pass,31,0.1520399990962624
1122306M01100910,Pass,11,0.2456159967765534
1122306M01200810,Pass,33,0.19116049841688754
1122305M01303010,Pass,13,0.24556449677744774
1122305M01202680,Pass,33,0.24774649743420313
1122305M01202600,Pass,31,0.15544689903709744
1122306M01300020,Pass,23,0.19420619766934683
1122305M01103110,Pass,33,0.3054343964323829
1122305M01302410,Pass,21,0.19629679763304103
1122306M01200610,Pass,32,0.27285459699817055
1122306M01200290,Pass,14,0.4393124934127791
1122306M01200920,Pass,12,0.2574602965708628
1122305M01402620,Pass,34,0.23020959773875263
1222306M01300970,Pass,24,0.21414159732314444
1122305M01302930,Pass,13,0.37857599446754203
1222306M01400980,Pass,34,0.1938052983709574
1122306M01400750,Pass,33,0.23280419769369426
1122305M01202880,Pass,14,0.2635776964646267
1122305M01302450,Pass,34,0.20668729814724585
1122305M01402700,Pass,12,0.28289399612917576
1122306M01100010,Pass,23,0.1850579978282164
1122306M01400270,Pass,11,0.2620287964915252
1122305M01403060,Pass,21,0.1961575976354584
1122305M01403060,Pass,33,0.1890975984527123
1122305M01102630,Pass,13,0.23791099691036005
1122306M01200290,Pass,12,0.6132346903924095
1122306M01100600,Pass,34,0.23846329759541715
1222306M01401020,Pass,24,0.22828049707760534
1122305M01403100,Pass,23,0.20430279749400715
1122305M01402540,Pass,14,0.24463629679356708
1122306M01200440,Pass,32,0.35148089563272966
1122305M01302690,Pass,31,0.15399269906235138
1122305M01302850,Pass,33,0.18401679854094655
1122305M01203080,Fail,12,0.3195415954927458
1222306M01201040,Pass,12,0.5138663921180604
1122306M01300220,Pass,13,0.5337350917730164
1122305M01102750,Pass,34,0.22441169783944018
1122305M01102950,Pass,11,0.2589483965450201
1222306M01401020,Pass,14,0.3605059947813494
1222306M01201000,Pass,22,0.20976489739915116
1122306M01300140,Pass,31,0.1571530990074672
1122305M01302810,Pass,23,0.19766589760926495
1122305M01102590,Pass,22,0.2152757973034477
1122306M01100910,Pass,32,0.25623279728682824
1122305M01203000,Pass,11,0.25646009658823243
1222306M01100990,Pass,23,0.1978860976054409
1222306M01200960,Pass,21,0.1913507977189343
1122305M01102990,Pass,23,0.18233359787552889
1122306M01400830,Pass,12,0.27959199618651903
1122306M01300140,Pass,21,0.19975009757307027
1122305M01402780,Pass,33,0.24386449750161876
1122306M01200440,Pass,22,0.1975187976118195
1122306M01200210,Pass,14,0.3693486946277852
1122306M01200320,Pass,11,0.24119179685338496
1222306M01300970,Pass,31,0.15759729899975314
1122306M01400030,Pass,32,0.22439159783978924
1222306M01401020,Pass,11,0.349070594979939
1222306M01300970,Pass,22,0.20952929740324264
1122305M01102670,Pass,22,0.20586529746687243
1122305M01103030,Pass,31,0.15819919898930043
1122305M01102510,Pass,34,0.22530229782397385
1122305M01302450,Pass,13,0.2425939968290341
1122306M01400710,Pass,34,0.2518703973625866
1122305M01302530,Pass,14,0.26438879645054103
1122305M01102430,Pass,12,0.37824259447333186
1122305M01402740,Pass,13,0.24672429675730642
1122306M01100470,Pass,32,0.2206558979046642
1122305M01402780,Pass,23,0.18511119782729252
1122306M01100160,Pass,32,0.30387529645945854
1122306M01300050,Pass,31,0.15932419896976344
1122306M01100520,Pass,32,0.22775739778133805
1122305M01402660,Pass,31,0.15717299900712162
1222306M01100990,Pass,31,0.1573933990032941
1122306M01400510,Pass,12,0.46514019296424985
1122305M01202600,Pass,12,0.27334609629498663
1122306M01400900,Pass,12,0.4302705935698027
1122305M01302610,Pass,14,0.2689011963721777
1122305M01302770,Pass,21,0.1967468976252245
1122305M01302770,Pass,13,0.2354540969530271
1122305M01202520,Pass,33,0.21222189805113081
1122306M01200250,Pass,13,0.4797040927113301
1122306M01300110,Pass,31,0.1560411990267767
1122306M01400860,Pass,12,0.32008869548324476
1122305M01202680,Pass,23,0.19717769761774315
1122305M01402780,Pass,34,0.21996769791661563
1122305M01102670,Pass,24,0.21814239725366572
1122306M01200320,Pass,13,0.6587440896020837
1122306M01100520,Pass,13,0.3839620943740058
1122305M01302810,Pass,21,0.19701749762052517
1122306M01200850,Pass,23,0.19698129762115385
1122306M01400340,Pass,23,0.359007994807364
1122306M01400340,Fail,33,0.18191689857741383
1122306M01100800,Pass,21,0.18626079780732832
1122306M01300780,Fail,14,0.5344155917611986
1122306M01400190,Pass,12,0.27162059632495206
1122306M01400060,Pass,12,0.281896296146502
1122306M01300410,Pass,32,0.21048589808127854
1122305M01102470,Pass,32,0.23370019767813413
1122306M01200610,Pass,31,0.1556053990343449
1122305M01102790,Pass,24,0.19557119764564196
1222306M01400940,Pass,11,0.27358029629091946
1122306M01400630,Pass,21,0.19699659762088814
1122305M01302970,Pass,24,0.20743149743967346
1122306M01300050,Pass,22,0.2003209975631559
1122305M01302610,Pass,12,0.26142209650206133
1122305M01302770,Pass,11,0.2474441967448045
1122305M01302410,Pass,11,0.24146579684862665
1122306M01300740,Pass,33,0.20472339818135135
1122306M01300580,Pass,14,0.275549896256715
1122306M01100800,Pass,12,0.34992019496518467
1122306M01200730,Pass,24,0.21598759729108644
1122306M01200770,Pass,13,0.25051039669155617
1122306M01200920,Pass,33,0.23190589770929432
1122306M01100200,Pass,22,0.34801909499819955
1122305M01102750,Pass,23,0.1884587977691574
1122306M01400750,Pass,31,0.1575416990007187
1122306M01200650,Pass,21,0.1952839976506295
1122306M01400150,Pass,31,0.15666059901602009
1122306M01100720,Pass,31,0.1571517990074898
1122305M01203040,Pass,33,0.23199889770767926
1122305M01302970,Pass,21,0.18939249775294253
1122305M01102790,Pass,32,0.2051934981731875
1122306M01400790,Pass,24,0.20364089750550182
1122305M01102670,Pass,31,0.19732799830978143
1122306M01400710,Pass,24,0.21376539732967761
1122305M01302410,Pass,33,0.2303494977363231
1122305M01203080,Fail,34,0.12271819960547095
1122306M01100560,Pass,22,0.203784097503015
1122305M01302650,Pass,11,0.25951329653520994
1122305M01403100,Pass,13,0.2441872968013645
1122305M01102910,Fail,12,0.5370376917156627
1122305M01102550,Pass,13,0.24784659673781634
1122305M01102870,Pass,23,0.19065299773105243
1122306M01400790,Pass,14,0.3051227957431457
1122305M01202440,Pass,24,0.22094939720491877
1122305M01403060,Pass,12,0.2721440963158608
1122306M01200480,Pass,24,0.304822195748366
1122306M01200530,Pass,33,0.2154956979942773
1122305M01102910,Pass,21,0.1914386977174078
1122305M01402780,Pass,11,0.2595032965353836
1122306M01200400,Pass,22,0.20332109751105557
1122305M01302690,Pass,12,0.2797385961839731
1122305M01102910,Pass,24,0.1995662975762622
1122306M01100100,Pass,34,0.3009084965109806
1122305M01302890,Pass,24,0.2022234975301167
1122306M01300180,Pass,14,0.4571815931024606
1122306M01200480,Pass,32,0.24002789756824597
1122306M01400900,Pass,24,0.20041819756146792
1122306M01200250,Pass,24,0.3871309943189741
1122306M01200210,Pass,23,0.32101279546719663
1122305M01102750,Pass,21,0.20155879754166003
1122305M01302970,Pass,32,0.23236269770136145
1122306M01100840,Pass,11,0.25112609668086383
1122305M01202800,Pass,24,0.21380229732903683
1122306M01200360,Pass,32,0.2529497973438415
1122305M01202480,Pass,22,0.2039814974995869
1122305M01402900,Pass,21,0.20328129751174673
1122306M01200320,Pass,34,0.2513479973716587
1122306M01400550,Pass,32,0.22640109780489184
1122305M01202480,Pass,32,0.24767369743546738
1122306M01100390,Pass,13,0.3906701942575116
1122305M01202960,Pass,34,0.2052559981721021
1122306M01100600,Pass,33,0.2010204982456567
1122306M01100010,Pass,33,0.24195979753469618
1122305M01402820,Pass,21,0.20878759741612316
1122305M01103030,Pass,12,0.26944579636272004
1122305M01102830,Pass,12,0.3576526948309004
1122306M01300500,Pass,21,0.1950617976544883
1122305M01302890,Pass,31,0.15439449905537364
1122306M01100310,Pass,34,0.2983165965559921
1122306M01300140,Pass,32,0.23869839759133435
1122306M01300330,Pass,32,0.2329842976905666
1122305M01202400,Pass,34,0.24602289746413553
1122306M01100560,Pass,31,0.15742699900271062
1122305M01102550,Pass,11,0.2408656968590481
1122305M01302730,Pass,12,0.38958829427630004
1122306M01100640,Pass,21,0.19730029761561402
1122305M01102910,Pass,13,0.2675527963955943
1122306M01400670,Pass,22,0.21793819725721192
1222306M01400940,Pass,13,0.2325076970041949
1122306M01200320,Pass,24,0.44649129328811055
1122306M01200360,Pass,33,0.2507772973815696
1122305M01302530,Pass,21,0.20446759749114518
1122306M01300050,Pass,13,0.34237849509615537
1222306M01101030,Pass,32,0.27617209694055816
1122306M01400860,Pass,32,0.24607359746325505
1122305M01302650,Pass,24,0.2010287975508641
1122305M01202920,Pass,13,0.24370469680974544
1122306M01300780,Fail,13,0.5023609923178656
1122306M01100840,Pass,24,0.2025970975236287
1122305M01202640,Pass,14,0.24512339678510797
1122305M01402580,Pass,11,0.24795779673588522
1122306M01100430,Pass,34,0.23066829773078673
1122305M01103110,Pass,32,0.23679549762438049
1122306M01300620,Pass,34,0.2368128976240783
1122305M01202960,Pass,32,0.20805949812341595
1122305M01402900,Pass,24,0.20662679745364806
1122306M01400710,Pass,12,0.34323469508128646
1222306M01300970,Pass,12,0.3703435946105076
1222306M01101030,Pass,11,0.521623891983342
1122306M01300620,Pass,32,0.22881499776297157
1122305M01402980,Pass,33,0.23586859764047724
1122306M01300450,Pass,24,0.3417013951079141
1122306M01100640,Pass,12,0.47073479286709285
1222306M01300970,Pass,23,0.2101527973924148
1122305M01402500,Pass,13,0.2378960969106188
1122305M01202600,Pass,24,0.21840149724916613
1122305M01402900,Pass,23,0.19034199773645336
1122305M01402780,Pass,32,0.23407739767158361
1122305M01302410,Pass,14,0.32201009544987735
1122306M01100840,Pass,21,0.20368779750468735
1122306M01100640,Pass,11,0.28507709609126364
1122305M01102910,Fail,14,0.30328169577511865
1122305M01402460,Pass,23,0.18795349777793252
1122305M01202760,Pass,13,0.2418536968418903
1122305M01103110,Pass,13,0.2566464965849954
1122306M01400590,Pass,14,0.4076851939620255
1122306M01400670,Pass,32,0.25986169722380803
1122306M01100310,Pass,14,0.509678792190783
1122305M01302890,Pass,21,0.18870359776490614
1122305M01102510,Pass,21,0.1938474976755761
1122306M01100240,Pass,11,0.25199519666577086
1122305M01202600,Pass,21,0.19508159765414443
1122306M01200400,Pass,32,0.21905989793238068
1122306M01300020,Pass,11,0.2548381966163987
1122305M01402860,Pass,22,0.21394139732662118
1122305M01102430,Pass,21,0.1931562976875796
1122306M01300450,Pass,33,0.22840659777006392
1122305M01202920,Pass,21,0.20595349746534075
1122306M01100600,Pass,32,0.20816809812152998
1122306M01100840,Pass,31,0.16122899893668427
1122306M01100760,Pass,22,0.2351760969578549
1122306M01300110,Pass,14,0.3043738957561513
1122306M01200210,Pass,24,0.37127169459438997
1122305M01102910,Pass,11,0.257164996575991
1122306M01200610,Pass,12,0.41403699385171877
1122305M01302850,Pass,24,0.19986399757109227
1122305M01402940,Pass,12,0.31498009557196177
1122306M01400150,Pass,33,0.27701369692594274
1122305M01402420,Pass,24,0.21078239738148105
1122306M01200770,Pass,11,0.2479590967358626
1122306M01100100,Pass,11,0.23884759689409485
1122306M01100520,Pass,14,0.2936092959430916
1122306M01200320,Fail,12,0.6588738895998294
1122306M01200730,Pass,12,0.46779699291811133
1122305M01402780,Pass,31,0.155058699043839
1122306M01300620,Pass,12,0.28742999605040265
1122306M01200530,Pass,31,0.1553666990384902
1122306M01400300,Pass,32,0.25622409728697937
1122306M01200880,Pass,11,0.25691099658040206
1122305M01202640,Pass,34,0.21080559807572657
1122305M01303130,Pass,13,0.23429829697309895
1122306M01200530,Pass,12,0.4832558926496488
1122306M01100040,Pass,32,0.2089382981081545
1122306M01100160,Pass,31,0.15504389904409605
1122305M01102750,Pass,13,0.22469679713984064
1122305M01202840,Pass,34,0.2288675977620581
1122305M01102870,Pass,22,0.20823899742565027
1222306M01201000,Pass,13,0.23664729693230574
1122306M01200250,Pass,22,0.40008779409396356
1122305M01302530,Pass,12,0.341691495108086
1122306M01100720,Pass,12,0.49604629242752796
1122306M01100680,Pass,21,0.1976558976094386
1122306M01400340,Fail,13,0.49215119249517114
1122306M01300930,Pass,11,0.25046099669241406
1122306M01300740,Pass,24,0.20997679739547126
1122305M01202560,Pass,11,0.2460698967686709
1122305M01402540,Pass,34,0.24638969745776562
1122306M01300410,Pass,34,0.22516319782638947
1122306M01100070,Pass,21,0.2006358975576873
1122306M01100010,Pass,21,0.1884070977700552
1122306M01100160,Pass,22,0.3454441950429158
1122305M01202920,Pass,22,0.21539569730136549
1122306M01400750,Pass,12,0.37447369453878343
1122305M01202720,Pass,32,0.24566249747039431
1222306M01201040,Pass,11,0.41996589374875626
1122306M01200770,Pass,32,0.2335672976804421
1122306M01400060,Pass,31,0.15198879909715154
1122305M01102990,Pass,32,0.218271797946067
1122306M01400120,Pass,14,0.4384850934271479
1122306M01400380,Pass,13,0.32708579536173166
1122306M01400340,Fail,32,0.12498049956618337
1122305M01102710,Pass,13,0.24220279683582774
1222306M01301010,Pass,12,0.5156177920876452
1122306M01200320,Fail,14,0.5000109923586762
1122305M01302890,Pass,32,0.22167409788698192
1122306M01300110,Pass,13,0.32794319534684185
1122306M01400710,Pass,22,0.20064029755761087
1122305M01202960,Pass,11,0.255712696601212
1122306M01400380,Pass,14,0.3937741942036069
1222306M01201000,Pass,34,0.39613729485721716
1122306M01300180,Pass,31,0.15331649907409442
1122306M01300020,Pass,34,0.19541049834308113
1122305M01402660,Pass,32,0.20772249812926835
1122306M01300930,Pass,31,0.15515829904210934
1122306M01200440,Pass,14,0.3515313949372042
1222306M01200960,Pass,32,0.20314979820867882
1122306M01400380,Pass,32,0.23675069762515852
1122306M01200290,Pass,11,0.24841629672792281
1122306M01100600,Pass,14,0.26339109646786724
1122306M01400550,Pass,11,0.2439666968051955
1122306M01200170,Pass,31,0.1540139990619815
1122305M01203000,Pass,13,0.2481213967330441
1122306M01400860,Pass,24,0.206056497463552
1122306M01200440,Pass,34,0.21991209791758118
1122305M01302690,Pass,14,0.27115299633307244
1122306M01100280,Pass,14,0.4448511933165929
1122305M01102990,Pass,31,0.15920949897175535
1122305M01302970,Pass,34,0.21803679795014802
1122305M01202480,Pass,24,0.19687989762291477
1122306M01200440,Pass,21,0.18333939785806197
1122306M01200360,Pass,31,0.156794599013693
1122306M01200290,Pass,34,0.2636848971574135
1122306M01300220,Pass,24,0.32921299532479026
1122306M01300780,Fail,13,0.3048543957478068
1122306M01300490,Pass,24,0.3245470954058192
1122305M01102670,Pass,33,0.2238318978495091
1122306M01200570,Pass,12,0.3563603948533428
1122305M01202520,Pass,31,0.160959698941361
1122306M01100680,Pass,13,0.2376522969148527
1122305M01202520,Pass,21,0.18510429782741233
1122306M01100240,Pass,21,0.19955029757654005
1122305M01402460,Pass,12,0.2579629965621328
1122305M01402620,Pass,33,0.23561569764486917
1122306M01100520,Pass,22,0.19622849763422714
1122306M01400060,Pass,33,0.20165989823455274
1122306M01200650,Pass,23,0.2123280973546381
1122306M01100760,Pass,32,0.23597949763855133
1122306M01200810,Pass,21,0.1863571978056542
1122306M01200250,Pass,34,0.3156414962551243
1222306M01301010,Pass,11,0.2708093963390395
1122305M01202600,Pass,34,0.2105493980801758
1122306M01300780,Fail,12,0.3156938955595658
1122305M01302450,Pass,23,0.1901200977403069
1122305M01402700,Pass,31,0.15508459904338923
1122306M01300540,Pass,24,0.2766366962378414
1122306M01200250,Pass,33,0.23864959759218182
1122305M01402820,Pass,13,0.2375191969171641
1122306M01300700,Pass,14,0.2557883965998974
1122306M01200880,Pass,13,0.24187749684147697
1122305M01202760,Pass,14,0.2522956966605523
1122305M01202800,Pass,34,0.22009909791433369
1122305M01402860,Pass,33,0.2201476979134897
1122305M01403100,Pass,11,0.2534495966405135
1122306M01400380,Pass,23,0.36905079463295865
1122305M01102550,Pass,32,0.238374397596961
1122306M01100870,Pass,21,0.19941109757895745
1122306M01300490,Pass,22,0.2706733963414013
1122306M01300330,Pass,13,0.4215484937212725
1122305M01403140,Pass,22,0.21346469733489967
1222306M01300970,Pass,21,0.20016339756589283
1122306M01100040,Pass,34,0.2700873970462263
1222306M01400940,Pass,31,0.15672589901488607
1122305M01202800,Pass,14,0.2818322961476135
1122305M01302930,Pass,23,0.19972679757347492
1122306M01400030,Pass,33,0.16728869883145026
1122306M01100280,Pass,31,0.15930939897002044
1122305M01102710,Pass,23,0.19233039770192234
1222306M01401020,Pass,34,0.24014849756615161
1122306M01300050,Pass,34,0.25003139739452307
1122305M01302450,Pass,14,0.24724199674831593
1122306M01100430,Pass,11,0.2573828965722069
1222306M01101030,Pass,24,0.26251239648312696
1122306M01200690,Pass,21,0.20705969744613023
1122305M01302530,Pass,34,0.2458830974665633
1122306M01300780,Pass,11,0.2584655965534045
1122306M01300020,Pass,24,0.20072449755614866
1122305M01302570,Pass,34,0.21664649797429228
1122305M01202720,Pass,13,0.23300569699554655
1122305M01102750,Pass,11,0.25536349660727625
1222306M01300970,Pass,13,0.2505479966909032
1122306M01400060,Pass,22,0.40583469399416167
1122305M01202440,Pass,11,0.24627299676514378
1122306M01400090,Pass,11,0.25136069667678973
1122306M01400860,Pass,21,0.269753696357373
1122306M01100390,Pass,23,0.3114049956340477
1122306M01100470,Pass,21,0.19722129761698595
1122305M01402620,Pass,12,0.403000894043374
1122306M01300890,Pass,31,0.1734980987236165
1122305M01202640,Pass,12,0.30119769581130984
1122306M01100430,Pass,12,0.34893309498232683
1122306M01300490,Pass,31,0.15246419908889564
1122306M01200810,Pass,11,0.24970939670546655
1122305M01302730,Pass,14,0.255139396611168
1122305M01402620,Pass,31,0.15539339903802654
1122306M01300620,Pass,23,0.19764649760960185
1122306M01300580,Pass,13,0.23042979704028013
1122306M01300180,Pass,13,0.42382089368180953
1122306M01300780,Fail,12,0.6689217894253356
1122306M01100800,Pass,13,0.2537809966347583
1122305M01403020,Pass,24,0.19985899757117911
1122305M01203040,Pass,24,0.20200249753395463
1122305M01302690,Pass,22,0.2141785973225019
1122306M01400060,Pass,13,0.28265229613337317
1122306M01200170,Pass,21,0.19067049773074854
1122305M01402580,Pass,31,0.15657739901746495
1122305M01302650,Pass,23,0.20261809752326398
1222306M01301010,Pass,21,0.22721119709617504
1122305M01103030,Pass,22,0.2001858975655021
1122306M01400190,Pass,14,0.5322244917992498
1122305M01203000,Pass,12,0.266199496419096
1122306M01200610,Pass,13,0.23586709694585484
1122305M01302450,Pass,31,0.15730149900489007
1122306M01100870,Pass,31,0.1571397990076982
1122306M01400590,Pass,11,0.24317149681900507
1122305M01302650,Pass,14,0.26278279647843117
1122305M01302730,Pass,24,0.1983996975965216
1122305M01103110,Pass,12,0.2840757961086524
1122305M01403060,Pass,32,0.23377679767680387
1122305M01202600,Pass,13,0.22593339711836558
1122305M01402980,Pass,21,0.2082666974251692
1122305M01103110,Pass,24,0.22196219718733026
1122305M01202600,Pass,23,0.19828019759859686
1122305M01202640,Pass,31,0.15303329907901253
1122306M01300490,Pass,23,0.26324229647045133
1122306M01100100,Pass,22,0.24466919679299573
1122306M01100640,Pass,13,0.2659632964231979
1122306M01100910,Pass,12,0.4174901937917498
1122306M01100680,Pass,11,0.25877209654808175
1122305M01103030,Pass,21,0.20961099740182382
1122306M01200440,Pass,11,0.2534997966396417
1122305M01302810,Pass,11,0.2705922963428097
1122305M01102590,Pass,21,0.20180599753736708
1122306M01200320,Pass,22,0.3325827952662696
1122306M01100010,Pass,11,0.24152089684766978
1122305M01103070,Pass,31,0.15460529905171286
1122305M01102630,Pass,31,0.15742249900278876
1122305M01202560,Pass,32,0.2483423974238546
1122306M01100430,Pass,33,0.2041910981905954
1122305M01102710,Pass,11,0.3767848944986466
1122305M01402740,Pass,21,0.18962679774887364
1122306M01300740,Pass,23,0.1965253976290711
1122305M01302690,Pass,32,0.20174789823302453
1222306M01100950,Pass,11,0.2567397965833751
1122306M01400900,Pass,21,0.25767309656716725
1122305M01203080,Pass,24,0.20965929740098502
1122305M01302610,Pass,24,0.2163642972845446
1122306M01300050,Pass,11,0.25426739662631137
1122305M01402540,Pass,24,0.20140249754437434
1122305M01303010,Fail,12,0.3422960950975864
1122306M01200480,Pass,33,0.24273219752128253
1122305M01102630,Pass,11,0.2445690967947341
1122306M01200530,Pass,21,0.1844596978386066
1122306M01200850,Pass,33,0.23344369768258857
1122306M01400270,Pass,14,0.599332490633838
1122306M01100200,Pass,13,0.6524248897118243
1122305M01202640,Pass,32,0.197795598301661
1122306M01400790,Pass,21,0.1986536975921106
1122306M01100200,Pass,11,0.2631242964725006
1122305M01102630,Pass,12,0.29681999588733393
1122306M01300110,Pass,11,0.24259649682899065
1122305M01102750,Pass,32,0.21106189807127562
1122306M01400790,Pass,32,0.21136769806596503
1122305M01102830,Pass,33,0.21301809803730384
1122306M01100390,Pass,34,0.2551059973063965
1122306M01400860,Pass,33,0.24118209754820188
1122306M01400060,Pass,14,0.42249729370479544
1122305M01202800,Pass,32,0.2204873979075904
1122305M01203040,Pass,14,0.34194249510372704
1122305M01102870,Fail,11,0.30611649572588895
1122306M01400090,Pass,23,0.37747869448659793
1122305M01102910,Fail,33,0.12125619963086035
1122305M01202400,Pass,23,0.19562419764472153
1122306M01300580,Pass,11,0.2589945965442178
1122305M01102550,Pass,22,0.19901499758583618
1122306M01200570,Pass,22,0.20932939740671413
1122306M01400030,Pass,23,0.1981667976005662
1122305M01102990,Pass,33,0.2438627975016483
1122305M01402820,Pass,23,0.19536409764923848
1122305M01102870,Fail,11,0.415404693827967
1222306M01100950,Pass,24,0.24377069680859928
1122306M01300140,Pass,11,0.25566469660204555
1122306M01200810,Pass,31,0.1520702990957362
1122306M01300050,Pass,23,0.2532118966446414
1122305M01103070,Fail,14,0.4423668933597358
1122306M01200770,Pass,14,0.26927019636576954
1122306M01400270,Pass,24,0.3322423952721811
1122306M01300700,Pass,13,0.23764989691489435
1122306M01100350,Pass,34,0.17431949870935187
1122306M01200810,Pass,22,0.21573579729545925
1122306M01200610,Pass,14,0.26462679644640785
1122306M01200400,Pass,34,0.2680624970813912
1122305M01102510,Pass,33,0.2116018980618979
1122305M01402900,Pass,13,0.455954993123762
1122306M01400120,Pass,13,0.41647239380942513
1122306M01200920,Pass,21,0.2100866973935627
1122306M01300700,Pass,21,0.19108299772358497
1122305M01402780,Pass,22,0.207313997441714
1122305M01302810,Pass,13,0.24624769676558314
1122305M01403020,Pass,31,0.15231999909139984
1122305M01402660,Pass,14,0.24363829681089855
1122305M01102750,Pass,12,0.2896206960123585
1122305M01303130,Pass,14,0.3035367957706886
1122306M01300140,Pass,12,0.3051655957424025
1122305M01402420,Pass,13,0.23223469700893587
1122305M01202440,Pass,33,0.1710308987664624
1122306M01100600,Pass,31,0.1564829990191043
1222306M01100950,Pass,33,0.2021976982252132
1122305M01302450,Pass,24,0.21433139731984835
1122306M01400670,Pass,13,0.2377139969137812
1122305M01103070,Pass,32,0.1791297986258152
1122305M01302650,Pass,31,0.15444249905454005
1122306M01200290,Pass,32,0.2148834980049089
1122305M01202600,Pass,22,0.20868399741792232
1122305M01102790,Pass,22,0.21990139722311855
1122306M01100200,Pass,34,0.26326859716464307
1122305M01302770,Pass,24,0.21155059736814033
1122306M01200920,Pass,14,0.26277229647861344
1122306M01400630,Pass,24,0.20378809750294552
1122306M01300740,Pass,11,0.27169419632367386
1122306M01300050,Pass,21,0.1946209976621433
1222306M01400980,Pass,31,0.15722589900620296
1122306M01300370,Pass,32,0.2036642981997439
1122306M01300890,Pass,34,0.22861679776641353
1122305M01203040,Pass,23,0.19156689771518146
1222306M01100990,Pass,22,0.21194459736129803
1122306M01100070,Pass,22,0.21193049736154287
1122306M01200570,Pass,21,0.198254797599038
1122305M01302490,Pass,13,0.24815489673246233
1122305M01302410,Pass,32,0.22013349791373632
1122305M01202480,Pass,21,0.19882969758905414
1122306M01200440,Pass,23,0.19358209768018508
1222306M01101030,Pass,33,0.24432159749368065
1122306M01300020,Pass,33,0.1967029983206353
1122306M01300140,Pass,13,0.37530419452436076
1122305M01103070,Pass,24,0.21593329729202942
1222306M01200960,Pass,24,0.2189632972394098
1122305M01302970,Pass,33,0.21965989792196094
1122306M01200610,Pass,22,0.20422409749537385
1122305M01303090,Pass,13,0.24754069674312865
1122306M01400270,Pass,12,0.5021183923220787
1122305M01302850,Pass,12,0.3877827943076547
1122305M01402780,Pass,13,0.25109329668143343
1122306M01100200,Pass,23,0.36940949462672934
1122305M01302970,Pass,12,0.26335079646856707
1122306M01200480,Pass,14,0.28464099609883703
1122305M01102470,Pass,31,0.15223419909288988
1122305M01403060,Pass,31,0.15688239901216824
1122305M01303010,Pass,33,0.22872679776450325
1122306M01100680,Pass,22,0.2155398972988613
1122305M01102510,Pass,24,0.2182628972515731
1122306M01100560,Pass,34,0.19927849827590866
1122306M01400340,Fail,34,0.1314788994533308
1122306M01400300,Pass,13,0.4005028940867548
1222306M01401020,Pass,31,0.16303919890524798
1122306M01400190,Pass,34,0.21069719807760906
1122306M01200290,Pass,21,0.19720549761726036
1122306M01100390,Pass,22,0.3345744952316813
1122305M01402420,Pass,11,0.24971949670529117
1122305M01303130,Pass,31,0.1573554990039523
1122306M01100200,Pass,14,0.3833892943839532
1122306M01300540,Pass,21,0.2103461973890562
1122305M01102870,Fail,11,0.25429489662583377
1122305M01102470,Pass,34,0.21056009807999
1122306M01100910,Pass,22,0.21146009736971194
1122306M01400380,Pass,11,0.2541507966283363
1122306M01300110,Pass,34,0.3022756964872375
1122306M01400790,Pass,11,0.3341275952394423
1122306M01400270,Pass,21,0.2422618968348014
1122306M01200170,Pass,22,0.22166269719253145
1122305M01102550,Pass,31,0.1538230990652967
1122306M01200290,Pass,24,0.33205409527545116
1122306M01200530,Pass,14,0.3173631955305764
1122306M01400090,Pass,14,0.36204709475458635
1122306M01300500,Pass,23,0.2332034969921115
1122306M01300620,Pass,13,0.2413399968508113
1122306M01300660,Pass,24,0.2590655965429848
1122306M01200730,Pass,34,0.20676299814593124
1122306M01200730,Pass,33,0.25769579726142144
1122306M01200400,Pass,11,0.24933339671199625
1122306M01100560,Pass,14,0.2592324965400864
1122306M01100840,Pass,32,0.2414157975441434
1122306M01100070,Pass,32,0.2480386974291287
1122305M01402580,Pass,34,0.19488479835221056
1122306M01200850,Pass,11,0.24792859673639228
1122305M01102390,Pass,21,0.2011465975488184
1122306M01400790,Pass,33,0.28640309676288445
1122306M01300890,Pass,13,0.286978296058247
1122306M01300740,Fail,34,0.12443029957573826
1122305M01202920,Pass,23,0.18794739777803846
1122306M01300780,Fail,14,0.31348459559793296
1122306M01300930,Pass,21,0.1923228977020526
1222306M01400940,Pass,12,0.3573051948369352
1122306M01100910,Pass,24,0.20529209747682675
1122306M01200650,Pass,32,0.1976846983035869
1122305M01102830,Pass,32,0.1762565986757118
1122306M01200880,Pass,22,0.2156624972967322
1122306M01100870,Pass,34,0.21002659808925486
1122305M01102750,Pass,22,0.21795219725696877
1122305M01302770,Pass,33,0.24199749753404148
1122306M01100600,Pass,12,0.3222822954451503
1122306M01100100,Pass,33,0.263888197153883
1122306M01100310,Pass,21,0.24531159678183967
1122305M01202640,Pass,24,0.2140284973251086
1122306M01400550,Pass,14,0.3185886955092941
1122306M01300080,Pass,12,0.4786442927297348
1122305M01102950,Pass,24,0.20753589743786044
1122305M01102550,Pass,33,0.20683419814469475
1122305M01303050,Pass,31,0.15581249903074837
1122305M01102910,Pass,22,0.20710209744539393
1122306M01200880,Pass,12,0.30982799566143426
1122305M01202680,Pass,11,0.2530459966475225
1222306M01100990,Pass,21,0.19520909765193026
1122305M01102870,Fail,11,0.24273569682657328
1122305M01102470,Pass,22,0.19743979761319144
1122306M01200480,Pass,31,0.15789219899463186
1122306M01200650,Pass,14,0.2823186961391666
1122306M01400150,Pass,24,0.3433465950793432
1122305M01202840,Pass,13,0.22744039709219468
1122306M01100390,Pass,14,0.4650262929662278
1222306M01100950,Pass,31,0.15620919902385919
1122305M01403020,Pass,14,0.26533919643403614
1122306M01400420,Pass,11,0.26046559651867207
1122305M01202800,Pass,12,0.43231079353437213
1122306M01100760,Pass,23,0.22715629709712845
1122305M01102790,Pass,34,0.21526159799834277
1122305M01202840,Pass,12,0.3456548950392567
1122306M01300930,Pass,34,0.22790479777877828
1122306M01100070,Pass,33,0.23341389768310608
1122306M01200400,Pass,31,0.15376949906622753
1122306M01400510,Pass,22,0.2342216969744292
1122306M01400270,Pass,32,0.21685949797059328
1222306M01100950,Pass,13,0.39711729414554986
1122306M01100310,Pass,33,0.2667875971035314
1222306M01101030,Pass,21,0.26955879636075764
1122306M01300660,Pass,14,0.2714043963287066
1122305M01403020,Pass,33,0.2048819981785971
1122306M01300700,Pass,11,0.2580417965607643
1122306M01300490,Pass,12,0.3721978945783054
1122305M01402980,Pass,23,0.18640399780484146
1122306M01400380,Pass,33,0.219445397925686
1122305M01303050,Pass,24,0.21060169738461912
1122305M01103070,Pass,13,0.29421859593251043
1122305M01203080,Fail,33,0.12358719959037971
1122306M01400750,Pass,34,0.17187859875174108
1122306M01100840,Pass,13,0.24826099673061977
1122306M01100600,Pass,11,0.2603784965201847
1122306M01100760,Pass,34,0.1678182988222531
1122305M01302690,Pass,33,0.24228789752899832
1122305M01202880,Pass,12,0.35819249482152615
1222306M01400940,Pass,34,0.23394039767396277
1122306M01100130,Pass,22,0.3748869945316059
1122306M01400420,Pass,14,0.3939799942000329
1122306M01400090,Pass,34,0.2715813970202812
1122305M01203080,Pass,22,0.20202909753349269
1122305M01402420,Pass,34,0.25824339725191175
1122305M01402500,Pass,34,0.2457900974681784
1122306M01400900,Pass,11,0.26503749643927554
1122306M01400380,Pass,31,0.17196009875032572
1122305M01402900,Fail,11,0.2513323966772812
1122305M01402820,Pass,34,0.24764409743598143
1122306M01300620,Pass,33,0.20518919817326217
1122306M01400900,Pass,31,0.15407879906085617
1122306M01200770,Pass,12,0.4027009940485821
1122305M01102710,Pass,21,0.1942698976682406
1222306M01401020,Pass,32,0.23274869769465809
1122306M01300330,Pass,34,0.17812309864329778
1122305M01302810,Pass,31,0.15288439908159834
1122306M01100130,Pass,13,0.43516239348485064
1122305M01202520,Pass,14,0.27127049633103195
1122305M01202640,Pass,33,0.24122069754753156
1122305M01202920,Pass,11,0.2459023967715797
1122305M01202960,Pass,14,0.30411569576063524
1122305M01102790,Pass,21,0.19040289773539573
1122306M01400120,Pass,23,0.28359799611694997
1122305M01202880,Pass,11,0.24838069672854104
1122306M01300580,Pass,24,0.20983889739786604
1222306M01201000,Pass,11,0.2567486965832206
1122305M01402860,Pass,34,0.2367662976248876
1122305M01102590,Pass,13,0.29633939589568015
1122305M01302890,Pass,13,0.2448291967902171
1122306M01200480,Pass,23,0.334312395236233
1122305M01202400,Pass,13,0.2443415967986849
1122306M01100280,Pass,24,0.3453820950439943
1122306M01400380,Pass,34,0.29420809662734115
1122306M01400420,Pass,13,0.35297849491207356
1122305M01102590,Pass,23,0.18604499781107595
1122306M01100280,Pass,22,0.30739729570364627
1122305M01402740,Pass,23,0.20010929756683232
1122305M01302770,Pass,14,0.2600734965254814
1222306M01200960,Pass,12,0.42918979358857207
1122305M01402860,Pass,12,0.420799193734285
1122306M01400750,Pass,22,0.2053066974765732
1122306M01300020,Pass,13,0.24642459676251108
1122306M01400150,Pass,21,0.1838034978500023
1122305M01202560,Pass,14,0.27002669635263205
1122305M01102390,Pass,13,0.24254189682993887
1122305M01402980,Pass,22,0.21427289732086427
1122306M01300020,Pass,32,0.2266974977997445
1122306M01300110,Pass,23,0.3721928945783922
1122305M01402620,Pass,32,0.21361419802695186
1122305M01402700,Pass,14,0.266793696408777
1122305M01302890,Pass,34,0.22461709783587316
1122305M01102790,Pass,13,0.23520429695736517
1122306M01400380,Pass,24,0.3318986952781498
1122306M01400460,Pass,31,0.1551479990422882
1122306M01400120,Pass,22,0.3631700947350841
1122306M01400670,Pass,34,0.21097239807282991
1122306M01400230,Pass,24,0.34497289505110046
1122305M01402940,Pass,24,0.21928039723390297
1122305M01102870,Pass,33,0.21642129797820314
1122306M01100840,Pass,22,0.2051299974796418
1122306M01300450,Pass,12,0.4573125931001856
1122305M01202400,Pass,24,0.20706399744605555
1122305M01102630,Pass,32,0.21171199805998586
1122305M01202400,Pass,32,0.2482290974258222
1122306M01400270,Pass,23,0.23356079698590654
1122305M01402580,Pass,21,0.19967149757443528
1122306M01100720,Pass,21,0.19767789760905655
1122305M01403140,Pass,11,0.2413271968510336
1122305M01203040,Pass,11,0.24854579672567387
1122306M01100680,Pass,12,0.41154599389497803
1122306M01300500,Pass,13,0.35978049479394864
1122306M01100160,Pass,24,0.34337129507891423
1122306M01100840,Pass,34,0.19510289834842298
1122305M01302970,Pass,13,0.23704759692535404
1122305M01402860,Pass,32,0.21899199793355983
1122305M01302410,Pass,22,0.19866359759193866
1122305M01202440,Pass,23,0.1890905977581854
1122306M01100310,Pass,32,0.28623399676582106
1122306M01100520,Pass,31,0.15408239906079363
1122306M01300370,Pass,34,0.2860502967690113
1122305M01202960,Pass,21,0.1920995977059305
1122305M01102550,Pass,21,0.19323879768614688
1122305M01202760,Pass,11,0.26446449644922637
1122305M01302490,Pass,12,0.4108659939067871
1122305M01403140,Pass,14,0.2946262959254302
1122305M01303050,Pass,21,0.20511119747996828
1122305M01102950,Pass,21,0.19799729760350976
1122305M01302650,Pass,33,0.2255819978191165
1122306M01100680,Pass,24,0.20690479744882026
1122306M01100390,Pass,24,0.35535419487081665
1122305M01402900,Pass,14,0.44370819333644246
1122305M01302810,Pass,22,0.2138757973277604
1122306M01300700,Pass,12,0.28869339602846217
1222306M01401020,Pass,22,0.22531029712918646
1122306M01400630,Pass,13,0.24655639676022223
1122306M01400830,Pass,33,0.2318002977111282
1122305M01202720,Pass,24,0.21501789730792645
1122306M01200850,Pass,34,0.21617229798252735
1122306M01100130,Pass,11,0.25166079667157815
1222306M01201000,Pass,21,0.22286529717164683
1122306M01300410,Pass,12,0.303659595768556
1122306M01300410,Pass,33,0.20313659820890806
1222306M01400940,Pass,33,0.16086859894294306
1122305M01203000,Pass,33,0.23226849770299735
1122305M01402540,Pass,21,0.2078414974325533
1122305M01203040,Pass,31,0.1571369990077468
1122306M01300050,Pass,24,0.23634159693761456
1122305M01402740,Pass,12,0.2763679962425077
1122306M01200400,Pass,23,0.24389389680645973
1122305M01402540,Pass,12,0.3739206945483869
1122305M01302490,Pass,33,0.23523239765152562
1122305M01303050,Pass,14,0.27475309627055233
1122306M01100910,Pass,21,0.20530699747656797
1122305M01202960,Pass,13,0.24040919686697576
1122305M01102750,Pass,31,0.22575699781607741
1122305M01303010,Pass,14,0.38914689428396554
1122306M01200920,Pass,11,0.2601506965241407
1122306M01100640,Pass,32,0.22224759787702242
1122306M01400340,Pass,21,0.20038449756205315
1122306M01300700,Pass,33,0.21419939801678914
1222306M01301010,Pass,23,0.2108839973797166
1122306M01200290,Pass,31,0.15368049906777312
1122306M01200850,Pass,13,0.2374182969189164
1122305M01302490,Pass,24,0.20865139741848843
1122305M01102910,Fail,14,0.5878544908331673
1122306M01300500,Pass,33,0.20055889825367296
1122306M01300080,Pass,32,0.21502719800241338
1122306M01300660,Pass,12,0.3310246952933279
1122306M01400630,Pass,32,0.24412569749708268
1122306M01400230,Pass,23,0.2534136966411369
1122306M01100200,Pass,12,0.40884899394181473
1122306M01400060,Pass,21,0.36930309462857713
1122306M01300220,Pass,33,0.2512211973738607
1122306M01400590,Pass,23,0.20669949745238556
1122306M01100430,Pass,22,0.2553619966073023
1122306M01200400,Pass,13,0.4218657937157622
1122305M01203080,Fail,13,0.47373219281503937
1122305M01302650,Pass,22,0.19939939757916061
1122306M01100040,Pass,11,0.24329779681681174
1122306M01200690,Pass,33,0.20925419810266851
1122305M01402420,Pass,14,0.260565796516932
1122305M01102830,Pass,14,0.26215249648937705
1122305M01402500,Pass,14,0.2478867967371182
1122305M01102430,Pass,33,0.21141859806508112
1122305M01202480,Pass,23,0.18964189774861143
1122306M01300540,Pass,31,0.1526239990861205
1122305M01102990,Pass,11,0.2485610967254082
1122306M01300660,Pass,11,0.2446700967929801
1122305M01402580,Pass,23,0.1895864977495735
1122305M01102790,Pass,12,0.3203706954783475
1222306M01401020,Pass,12,0.6592799895927772
1122305M01203040,Pass,12,0.2657011964277496
1122305M01402820,Pass,31,0.15412299906008858
1122306M01400860,Pass,23,0.20960359740195234
1122305M01203080,Fail,12,0.5567317913736508
1122306M01400460,Pass,13,0.4247967936648618
1222306M01201000,Pass,32,0.1806655985991442
1122306M01400120,Pass,11,0.2463297967641574
1122306M01400150,Pass,14,0.3680639946500956
1122306M01300890,Pass,32,0.2124258980475881
1122305M01402620,Pass,24,0.20578929746819227
1122305M01102430,Pass,11,0.2542464966266743
1122306M01300490,Pass,34,0.22066779790445756
1122306M01100350,Pass,22,0.226287797112211
1122305M01202720,Pass,34,0.23987009757098635
1122306M01100720,Pass,22,0.20146889754322125
1122305M01102750,Pass,33,0.19144209841199722
1122306M01300540,Pass,33,0.20262669821776308
1122306M01400550,Pass,34,0.23640989763107692
1122306M01300890,Pass,21,0.22508769713305218
1122306M01300580,Pass,23,0.21177969736416172
1122306M01300180,Pass,23,0.42298929369625127
1122306M01400460,Pass,21,0.1998442975714344
1122306M01100040,Pass,21,0.20229889752880728
1122306M01200810,Pass,14,0.25808619655999326
1122305M01402700,Pass,22,0.20669739745242202
1122305M01402460,Pass,24,0.2072282974432023
1222306M01100990,Pass,12,0.34447569505973497
1122305M01102390,Pass,23,0.19316609768740942
1122305M01402740,Pass,31,0.15222969909296802
1122306M01100520,Pass,24,0.2361391969411295
1122306M01300500,Pass,24,0.36976229462060256
1122306M01100280,Pass,33,0.25251749735134893
1122305M01302530,Pass,24,0.20993679739616591
1122305M01202760,Pass,22,0.21365589733157925
1122306M01300700,Pass,23,0.1904769977341089
1122306M01200250,Pass,23,0.4078616939589603
1122305M01303010,Fail,12,0.5039010922911198
1122305M01103030,Pass,34,0.25109949737597426
1122305M01103110,Pass,14,0.39349629420843296
1122305M01102430,Pass,22,0.2085629974200236
1122305M01402580,Pass,32,0.21486019800531353
1122306M01400750,Pass,11,0.2518900966675961
1122305M01203000,Pass,22,0.19507609765423997
1122306M01100640,Pass,22,0.1965179976291996
1122305M01303010,Fail,12,0.2842356961058755
1122306M01400550,Pass,33,0.24564109747076593
1122305M01202480,Pass,14,0.28214909614211187
1122305M01102870,Pass,34,0.21752369795905863
1122305M01302570,Pass,24,0.2069843974474379
1122306M01300180,Pass,22,0.3997337941001112
1122306M01400460,Pass,14,0.3343301952359239
1122306M01200210,Pass,21,0.23371209698327905
1222306M01200960,Pass,34,0.25093099737890046
1122305M01402900,Fail,11,0.48856849255738904
1122305M01102790,Pass,23,0.19826089759893203
1122306M01400090,Pass,32,0.18957119844448767
1122305M01102790,Pass,14,0.2504445966926989
1122305M01102870,Pass,21,0.19208719770614582
1122305M01402740,Pass,24,0.20338149751000661
1122306M01400300,Pass,21,0.216653397279524
1122306M01400750,Pass,14,0.2594708965359463
1122306M01100800,Pass,34,0.24869909741766008
1122305M01403060,Pass,13,0.258650296550197
1122306M01100160,Pass,13,0.4247151936662789
1122306M01400150,Pass,34,0.22389569784840113
1122306M01400270,Fail,14,0.3338754952438203
1122305M01402540,Pass,11,0.24165039684542083
1122306M01200210,Pass,34,0.2896070967072431
1122305M01302450,Pass,21,0.1909693977255578
1122306M01400190,Pass,11,0.2559697965967471
1122306M01400230,Pass,32,0.3156396962551555
1122305M01103030,Pass,14,0.2730880962994671
1122305M01302890,Pass,12,0.2714376963281283
1122306M01100800,Pass,23,0.19277719769416315
1122306M01300220,Pass,21,0.19685509762334547
1122306M01300330,Pass,24,0.30699689571059974
1122306M01100470,Pass,12,0.385760694342771
1122305M01203040,Pass,21,0.1992937975809945
1222306M01101030,Pass,13,0.29010729600390806
1122305M01103110,Pass,23,0.1970340976202369
1122306M01200320,Pass,33,0.24608859746299458
1222306M01200960,Pass,22,0.22873209706976275
1122306M01100010,Pass,12,0.2790671961956328
1122306M01300490,Pass,11,0.24224749683505148
1122306M01100350,Pass,31,0.15572129903233217
1122305M01202560,Pass,22,0.21021589739131902
1122305M01302850,Pass,34,0.21559389799257195
1122305M01302450,Pass,22,0.24807829673379259
1122305M01102710,Pass,12,0.4066936939792441
1122306M01100520,Pass,34,0.23139399771818409
1122305M01103070,Pass,33,0.2282438977728894
1122306M01200650,Pass,31,0.1574739990018944
1122305M01402780,Pass,21,0.20429259749418427
1122306M01300930,Pass,22,0.2113987973707765
1222306M01301010,Pass,13,0.39633719415909724
1222306M01301010,Pass,32,0.26765609708844884
1122305M01202800,Pass,21,0.1871635977916501
1222306M01100950,Pass,21,0.20300129751660925
1122306M01200880,Pass,24,0.2211587972012823
1122306M01200170,Pass,23,0.3538443948970362
1122306M01400550,Pass,24,0.348033694997946
1122306M01300410,Pass,21,0.20115299754870722
1122306M01400340,Fail,12,0.6565482896402164
1122305M01402980,Pass,24,0.20957239740249414
1122305M01202760,Pass,34,0.21935749792721249
1122305M01403100,Pass,22,0.21021389739135374
1122306M01200320,Pass,21,0.20836079742353505
1122305M01102830,Pass,22,0.20644369745682783
1122306M01100130,Pass,12,0.46133689303029873
1122305M01402620,Pass,22,0.20124359754713383
1122306M01400460,Pass,23,0.3405788951274077
1122306M01400460,Pass,24,0.43800129343554967
1122306M01400060,Pass,32,0.22046919790790648
1122305M01402700,Pass,34,0.2378069976068146
1122305M01302650,Pass,13,0.27637589624237047
1222306M01400980,Pass,33,0.22981149774566612
1122305M01403020,Pass,22,0.22819609707907104
1122305M01202880,Pass,23,0.18822879777315163
1122306M01300890,Pass,23,0.1860530978109353
1122306M01200690,Pass,24,0.2152312973042205
1122306M01200850,Pass,31,0.15661829901675467
1122305M01302730,Pass,11,0.2564505965883974
1122305M01102990,Pass,21,0.19315599768758482
1122305M01303130,Pass,11,0.24694979675339035
1122305M01302570,Pass,31,0.1512455991100581
1122305M01102430,Pass,14,0.2769264962328086
1122306M01100430,Pass,14,0.2645729964473421
1122305M01202560,Pass,13,0.24459789679423394
1122306M01300080,Pass,24,0.3371112951876267
1122306M01400120,Pass,31,0.15532919903914144
1122306M01400710,Pass,31,0.1571678990072102
1122305M01402460,Pass,34,0.2434432975089334
1122305M01402540,Pass,32,0.21067299807802933
1122306M01100010,Pass,34,0.19306449838382228
1122305M01202720,Pass,21,0.1893384977538803
1122305M01102990,Pass,34,0.2201545979133699
1122306M01400090,Pass,31,0.1903981984301258
1222306M01301010,Pass,22,0.21387379732779513
1122305M01202440,Pass,13,0.2346457969670642
1122305M01202480,Pass,34,0.20568899816458253
1222306M01201040,Pass,24,0.2568110965821369
1122305M01402980,Pass,31,0.15164009910320714
1122306M01100130,Pass,21,0.2082735974250494
1122306M01200880,Pass,21,0.19744549761309246
1122306M01300930,Pass,33,0.19790789829971078
1122305M01303010,Pass,24,0.19887259758830914
1122305M01102430,Pass,23,0.18772069778197537
1122305M01102710,Pass,34,0.22222119787748087
1122306M01400670,Pass,14,0.2564572965882811
1222306M01401020,Pass,23,0.21944049723112266
1122305M01202560,Pass,12,0.38489279435784307
1122305M01303090,Pass,24,0.2115710973677843
1122306M01300180,Pass,24,0.39451719419070375
1122306M01400830,Pass,31,0.15704619900932365
1122305M01102830,Pass,31,0.1543872990554987
1122305M01303010,Fail,12,0.27319359629763496
1122306M01200730,Pass,14,0.2794530961889312
1122306M01100760,Pass,24,0.21233199735457034
1122305M01302850,Pass,14,0.2762908962438466
1222306M01400980,Pass,13,0.24730779674717324
1122305M01402940,Pass,31,0.157629898999187
1122305M01302810,Pass,12,0.31501199557140785
1122306M01300450,Pass,22,0.26853459637854415
1122305M01103110,Pass,11,0.2585609965517478
1122305M01402660,Pass,12,0.4304460935667549
1122306M01200920,Pass,13,0.24396849680516422
1122306M01400790,Pass,22,0.20938149740580936
1122306M01400550,Pass,12,0.36536259469700866
1122306M01300080,Pass,21,0.2356942969488557
1122306M01400030,Pass,22,0.22780599708584562
1122306M01300540,Pass,32,0.19243869839469005
1122306M01200730,Pass,22,0.1993553975799247
1122306M01200770,Pass,24,0.21185929736277936
1122306M01300080,Pass,14,0.4630912929998314
1122306M01100280,Pass,21,0.20371839750415593
1122305M01203040,Pass,34,0.15870239898056174
1122305M01102990,Pass,24,0.19638909763143814
1122305M01103030,Pass,11,0.28297929612769446
1122305M01202920,Pass,34,0.21371689802516833
1122305M01102670,Pass,13,0.24334889681592434
1122306M01300660,Pass,32,0.20682669814482502
1122306M01300220,Pass,12,0.332954295259818
1122306M01100430,Pass,23,0.35943049480002676
1122306M01200650,Pass,33,0.24091559755282999
1122305M01402860,Pass,24,0.22166189719254534
1122305M01202840,Pass,33,0.20624219815497555
1122305M01303130,Pass,23,0.19278039769410757
1122306M01200250,Pass,21,0.21639849728395066
1122305M01102710,Pass,22,0.2049712974823978
1122305M01302730,Pass,22,0.2039284975005073
1122306M01300930,Pass,12,0.39584729416760495
1222306M01101030,Pass,14,0.37184729458439403
1122306M01200170,Pass,14,0.27932459619116273
1122305M01302850,Pass,21,0.1945956976625827
1122306M01300020,Pass,22,0.20689959744891057
1122306M01300180,Pass,32,0.2533723973365025
1122306M01200610,Pass,33,0.235541597646156
1122306M01400900,Pass,34,0.23240689770059383
1122305M01102670,Pass,21,0.1930262976898372
1122306M01300740,Pass,22,0.19981569757193104
1122305M01202840,Pass,32,0.2187331979380542
1122305M01102470,Pass,12,0.38076659442949956
1122305M01302410,Pass,23,0.1895269977506068
1122306M01400120,Pass,24,0.24544679677949174
1122306M01200290,Pass,23,0.36085819477523307
1122306M01100680,Pass,34,0.22678529779821974
1122306M01300180,Pass,11,0.24283349682487487
1122306M01100010,Pass,24,0.208496697421175
1122306M01400790,Pass,12,0.2730362963003667
1122305M01402940,Pass,34,0.18268689856404186
1122305M01202920,Pass,14,0.2429321968231608
1122306M01200360,Pass,34,0.2693453970591121
1122306M01100350,Pass,12,0.3006621958206095
1122306M01300490,Pass,33,0.22464899783531916
1122305M01402700,Pass,23,0.1982863975984892
1122305M01302930,Pass,24,0.1972238976169408
1222306M01200960,Pass,33,0.1823672985695921
1122305M01202960,Pass,22,0.20443839749165227
1122306M01300110,Pass,32,0.20502529817610848
1122306M01100910,Pass,13,0.23828229690391198
1122306M01300020,Pass,14,0.2442366968005066
1122306M01200210,Pass,33,0.19792629829939123
1122306M01200530,Pass,11,0.2575546965692234
1122306M01200570,Pass,34,0.2026386982175547
1122305M01102590,Pass,24,0.19809979760172974
1122306M01100160,Pass,11,0.252255696661247
1122306M01200360,Pass,22,0.2371580969234351
1122306M01200170,Pass,11,0.25688789658080324
1222306M01300970,Pass,34,0.22248949787282152
1122305M01102910,Pass,34,0.1855178985148781
1122306M01300180,Pass,34,0.2563418972849336
1122306M01200290,Pass,22,0.4638034929874632
1122305M01302570,Pass,13,0.24217819683625497
1122305M01403100,Pass,14,0.27986059618185444
1122305M01203000,Pass,32,0.20006959826217022
1122306M01300330,Pass,33,0.21291059803917073
1122306M01300930,Pass,24,0.28435559610379335
1122305M01302410,Pass,13,0.23013059704547612
1222306M01201040,Pass,21,0.2664023964155724
1122306M01100560,Pass,21,0.19140879771792704
1122306M01300140,Pass,33,0.24854609742031708
1122305M01403140,Pass,31,0.1571372990077416
1122305M01302930,Pass,22,0.2020415975332756
1122306M01100130,Pass,32,0.24687309744937078
1122306M01100680,Pass,32,0.21358589802744332
1122305M01202960,Pass,12,0.2827075961324128
1122305M01203080,Fail,13,0.2897998960092465
1122306M01200650,Pass,24,0.22309439716766824
1122306M01100910,Pass,23,0.1948287976585346
1122305M01202800,Pass,11,0.24076099686086636
1122306M01400510,Pass,32,0.16290129890764277
1122305M01103070,Fail,12,0.4662916929442526
1122305M01203080,Fail,33,0.1334563994189891
1122305M01402900,Pass,33,0.22797119777762517
1122306M01100680,Pass,14,0.2865779960651986
1122306M01100010,Pass,32,0.24351499750768826
1122306M01200850,Pass,24,0.19735139761472661
1122305M01402660,Pass,23,0.19585489764071515
1122305M01102990,Pass,12,0.29636039589531543
1122305M01202720,Pass,22,0.19740739761375412
1122305M01302490,Pass,22,0.2079346974309348
1122305M01202560,Pass,34,0.20364839820002004
1122305M01302930,Fail,12,0.6013255905992254
1122306M01400790,Pass,31,0.15802379899234645
1122305M01402940,Pass,22,0.20835829742357848
1122305M01102710,Pass,14,0.2592530965397286
1122305M01302810,Pass,14,0.25435529662478484
1122306M01300660,Pass,22,0.20325179751225902
1122306M01100800,Pass,31,0.15707759900877838
1122306M01300370,Pass,11,0.2462213967660399
1122306M01400230,Pass,33,0.25055809738537627
1122306M01100130,Pass,23,0.4275548936169641
1122306M01100240,Pass,14,0.3843317943675856
1122306M01300660,Pass,31,0.15803239899219712
1122306M01400060,Pass,23,0.2667434964096488
1122306M01300660,Pass,33,0.21688579797013655
1122306M01100070,Pass,12,0.27184619632103424
1122306M01200250,Pass,11,0.2512990966778595
1122306M01400230,Pass,31,0.15670479901525247
1122305M01102550,Pass,12,0.26804369638706926
1122306M01400090,Pass,21,0.20189319753585275
1122306M01300110,Pass,33,0.3072662964005697
1122306M01200320,Fail,14,0.35568799486501984
1122305M01102950,Pass,33,0.2585623972463719
1122306M01200810,Pass,12,0.3521748949260291
1122306M01100100,Pass,32,0.24399059749942886
1122306M01100200,Pass,33,0.2532155973392256
1122306M01200690,Pass,31,0.1620950989216434
1122306M01300450,Pass,34,0.2164688979773765
1122306M01400510,Pass,24,0.3118983956254793
1122305M01202560,Pass,24,0.2090266974119709
1222306M01300970,Pass,14,0.27671399623649895
1122305M01402660,Pass,13,0.24516749678434216
1122305M01302930,Pass,31,0.1545633990524405
1122306M01400750,Pass,13,0.24661529675919935
1122306M01200850,Pass,12,0.3590339948069125
1122305M01302490,Pass,34,0.20104179824528678
1122305M01102710,Pass,24,0.2065761974545268
1122306M01400190,Pass,13,0.36817639464814367
1122306M01200730,Pass,31,0.15247259908874977
1122305M01102870,Pass,31,0.158954598976182
1222306M01301010,Pass,24,0.24484049679002087
1122306M01200810,Pass,34,0.24299039751679855
1122306M01300930,Pass,23,0.20428199749436834
1222306M01300970,Pass,33,0.23660909762761756
1122305M01102750,Pass,24,0.19746559761274338
1122306M01200570,Pass,23,0.1880663977759719
1122305M01403020,Pass,13,0.2460288967693829
1122306M01100910,Pass,31,0.15746229900209757
1122306M01300220,Pass,31,0.15458699905203066
1122305M01202720,Pass,14,0.2484828967267662
1122305M01203080,Fail,14,0.6111051904293907
1122305M01402540,Pass,31,0.1547293990495577
1122306M01400900,Pass,23,0.19159069771476817
1122306M01400340,Fail,14,0.35092999494764826
1122305M01402700,Pass,32,0.25025599739062265
1122305M01202920,Pass,12,0.26824679638354215
1122306M01300740,Fail,14,0.3183702955130869
1122305M01102470,Pass,14,0.3190940955005172
1122306M01100470,Pass,31,0.15152319910523726
1122305M01102550,Pass,23,0.1947282976602799
1122305M01302650,Pass,21,0.1908898977269384
1122306M01100010,Pass,13,0.2538205966340706
1122306M01400630,Pass,34,0.2718002970164798
1122306M01300780,Pass,21,0.21526599730361787
1122305M01102870,Pass,12,0.264893796441771
1222306M01201000,Pass,23,0.21685979727593963
1122306M01400830,Pass,11,0.24132869685100755
1122306M01300700,Pass,24,0.21544249730055276
1122306M01100310,Pass,11,0.2686131963771792
1122306M01100040,Pass,33,0.1589812989757183
1122306M01100350,Pass,23,0.3176771955251234
1122306M01400190,Pass,32,0.16607749885248418
1122306M01300080,Pass,11,0.2501340966980911
1122305M01102430,Pass,13,0.2560300965957
1122306M01100040,Pass,24,0.2047774974857634
1122306M01300410,Pass,22,0.2515725966731098
1122306M01100640,Pass,33,0.18901679845411548
1122306M01300620,Pass,21,0.21848639724769175
1122305M01402740,Pass,34,0.2286853977652222
1122306M01100350,Pass,33,0.2171337979658297
1122306M01200650,Pass,11,0.25997879652712597
1122305M01202520,Pass,22,0.30549089573675325
1122306M01100470,Pass,13,0.44342809334130673
1122305M01302850,Pass,23,0.21291189734449967
1122306M01200320,Pass,31,0.15359589906924231
1122306M01400090,Pass,33,0.2489422974134366
1122305M01202720,Pass,23,0.19260999769706677
1122306M01300620,Pass,14,0.2803027961741751
1122306M01400090,Pass,12,0.5547613914078692
1122306M01200210,Pass,31,0.15879439897896405
1122306M01100840,Pass,23,0.20450659749046793
1122306M01400380,Pass,21,0.24111179685477427
1122306M01300110,Pass,21,0.19583129764112497
1122305M01402460,Pass,21,0.19743699761324007
1122305M01202800,Pass,13,0.25412369662880685
1122306M01400420,Pass,31,0.15659289901719575
1122306M01200210,Pass,13,0.4820403926707574
1122305M01303050,Pass,13,0.24212959683709895
1122306M01200170,Pass,24,0.29860299585636996
1122305M01102830,Pass,11,0.24482029679037168
1122306M01400420,Pass,22,0.26152689650024136
1122305M01203040,Pass,22,0.2107480973820767
1122305M01202840,Pass,24,0.20668719745259914
1122305M01402900,Pass,32,0.25609659728919354
1122306M01100240,Pass,33,0.3039223964586406
1122306M01200570,Pass,24,0.24783239673806293
1122306M01400460,Pass,33,0.20857669811443413
1122305M01102670,Pass,14,0.27158219632561886
1122306M01300050,Pass,14,0.36697299466904215
1122305M01202400,Pass,22,0.20926729740779257
1122306M01100680,Pass,33,0.24607769746318386
1122306M01300930,Pass,32,0.24723629744306336
1122306M01100560,Pass,32,0.19333359837914904
1122305M01403140,Pass,34,0.18300019855860103
1122305M01202640,Pass,21,0.1936642976787576
1122306M01400550,Pass,31,0.1534281990721546
1122305M01202440,Pass,12,0.27654199623948594
1122305M01103110,Pass,22,0.21077989738152444
1122305M01102510,Pass,31,0.1528604990820134
1122306M01300330,Pass,31,0.15267579908522094
1122305M01302610,Pass,33,0.21940799792633547
1122305M01102390,Pass,11,0.2698669963554054
1122306M01300180,Pass,12,0.48097779268921076
1122305M01202880,Pass,13,0.22923859706096678
1122305M01402900,Pass,22,0.21151529736875332
1122306M01100560,Pass,11,0.2463578967636694
1122305M01302490,Pass,31,0.15686969901238879
1122306M01400710,Pass,21,0.19328159768540362
1122306M01100760,Pass,11,0.2541702966279976
1122305M01302610,Pass,22,0.20596189746519486
1122305M01103110,Pass,21,0.2000394975680445
1122306M01100350,Pass,11,0.2561947965928397
1122306M01400830,Pass,13,0.22969219705308944
1122305M01202880,Pass,22,0.20827619742500422
1222306M01400980,Pass,23,0.2003291975630135
1122306M01100720,Pass,23,0.19281509769350494
1122305M01303090,Pass,34,0.3072655964005819
1122306M01200170,Pass,34,0.24612329746239198
1122305M01102910,Pass,32,0.19828989829307686
1122306M01400630,Pass,11,0.26348699646620183
1122306M01300620,Pass,11,0.2648008964433844
1222306M01200960,Pass,14,0.24227549683456523
1222306M01400940,Pass,23,0.2022403975298232
1222306M01201000,Pass,31,0.1577440989972038
1122305M01203000,Pass,34,0.17317749872918412
1122305M01202400,Pass,31,0.16264019891217707
1122306M01200170,Pass,13,0.49273109248510044
1122305M01303010,Fail,12,0.47008039287845726
1122305M01202400,Pass,12,0.3497425949682689
1122306M01200610,Pass,24,0.21652849728169304
1222306M01101030,Pass,12,0.5074441922295896
1122305M01302690,Pass,13,0.2526191966549344
1122305M01402860,Pass,31,0.16396769888912344
1222306M01201040,Pass,13,0.32244049544240294
1122305M01202440,Pass,34,0.22423219784255743
1122306M01300080,Pass,13,0.4340097935048669
1122305M01302930,Pass,32,0.2371116976188893
1122306M01300370,Pass,31,0.15249389908837988
1122305M01202800,Pass,33,0.23057019773249038
1122305M01302810,Pass,33,0.20390499819556385
1122305M01402900,Fail,12,0.4771249927561193
1122305M01202840,Pass,11,0.24764969674123574
1122305M01403020,Pass,34,0.23673599762541378
1122306M01100280,Pass,34,0.21696749796871773
1122305M01403140,Pass,32,0.25153749736836784
1122305M01402700,Pass,11,0.256185796592996
1122305M01302770,Pass,32,0.23848039759512019
1122306M01100910,Pass,33,0.241849997536603
1122306M01400710,Pass,32,0.21059089807945514
1122305M01402780,Pass,14,0.24779169673876975
1122306M01300890,Pass,12,0.3454084950435358
1122305M01402660,Pass,21,0.193306797684966
1122306M01300580,Pass,33,0.2650114971343755
1122305M01402820,Pass,24,0.20385329750181325
1122305M01202720,Pass,12,0.4144449938446334
1122306M01200440,Pass,33,0.22220049787784035
1122305M01402580,Pass,33,0.18985899843948967
1122305M01402660,Pass,24,0.20515659747917986
1122306M01400190,Pass,21,0.23643969693591096
1122306M01300370,Pass,24,0.2955491959094029
1122306M01300330,Pass,12,0.4210487937299504
1122306M01300540,Pass,14,0.3931532942143895
1122306M01200480,Pass,12,0.46984899288247584
1122305M01202560,Pass,31,0.1577606989969155
1122306M01400300,Pass,11,0.25068799668847197
1122305M01403140,Pass,13,0.24486349678962147
1122305M01302810,Pass,32,0.2225550978716823
1122305M01402540,Pass,22,0.20376669750331716
1122305M01103110,Pass,34,0.2076644981302756
1122306M01100760,Pass,12,0.39161859424104145
1122305M01102430,Pass,24,0.20326669751200027
1122306M01300370,Pass,33,0.3058711964247973
1122306M01100870,Pass,33,0.20881669811026626
1122306M01200210,Pass,32,0.22949219775121116
1222306M01100950,Pass,22,0.2034325975091192
1122306M01100390,Pass,32,0.240411397561586
1122305M01402980,Pass,32,0.2302473977380962
1122305M01403060,Pass,23,0.2785479962046493
1122305M01302850,Pass,31,0.15637009902106497
1122306M01300140,Pass,24,0.4515027932010798
1122306M01200610,Pass,11,0.2414942968481317
1122305M01402500,Pass,33,0.23624969763385897
1122305M01102950,Pass,13,0.23846259690078084
1122306M01200210,Pass,12,0.5004145923516672
1122305M01302450,Pass,12,0.4279969936092865
1122306M01200530,Pass,34,0.1947412983547026
1122305M01402420,Pass,32,0.23495329765637255
1122305M01402580,Pass,22,0.2070742974458767
1122305M01302930,Fail,11,0.2587976965476372
1122305M01202800,Pass,22,0.20222719753005244
1122305M01302410,Pass,12,0.36750599465978595
1122305M01102670,Pass,34,0.25131339737225955
1122306M01400300,Pass,34,0.16936289879542926
1122306M01100100,Pass,14,0.28853289603124943
1122305M01402660,Pass,11,0.2571306965765867
1122306M01400900,Pass,32,0.1588903989772969
1122305M01102390,Pass,24,0.2038072975026121
1122305M01102870,Fail,11,0.25014869669783757
1122306M01100200,Pass,21,0.22731399709438976
1222306M01100950,Pass,34,0.22635239780573757
1122305M01202880,Pass,21,0.19539949764862372
1122305M01202680,Pass,31,0.18508779852234733
1122306M01200570,Pass,31,0.15776129899690508
1122305M01403060,Pass,34,0.19604129833212652
1122306M01100640,Pass,23,0.19911229758414645
1122305M01402500,Pass,31,0.15801639899247497
1122306M01300500,Pass,31,0.1562099990238453
1122305M01402820,Pass,11,0.2544605966229562
1122305M01303130,Pass,34,0.19267279839062462
1122305M01102510,Pass,22,0.2026933975219563
1122306M01100240,Pass,12,0.4886013925568177
1122306M01400190,Pass,31,0.1549136990463571
1122306M01100910,Pass,14,0.27376119628777795
1122306M01100010,Pass,31,0.1522965990918062
1122306M01300080,Pass,33,0.24714179744470446
1122305M01102870,Fail,11,0.4174995937915865
1122306M01100240,Pass,22,0.3218869954520151
1122305M01202520,Pass,11,0.2572907965738064
1122306M01100070,Pass,31,0.1570157990098516
1122306M01400340,Fail,14,0.6332518900447865
1122305M01202680,Pass,24,0.21960889722819818
1122306M01200880,Pass,34,0.23541269764839448
1122306M01400270,Pass,13,0.28657039606533063
1122305M01302970,Pass,22,0.20892799741368495
1122305M01203000,Pass,31,0.15959569896504852
1122305M01102950,Pass,32,0.23682549762385952
1122305M01102790,Pass,33,0.20139729823911312
1122306M01300080,Pass,34,0.21875229793772252
1122306M01100560,Pass,23,0.20120819754774863
1122306M01200690,Pass,12,0.34258689509253626
1122305M01102630,Pass,14,0.319832095487701
1122306M01100680,Pass,23,0.2178316972590614
1122306M01200650,Pass,22,0.21448929731710623
1122306M01400230,Pass,11,0.2557462966006285
1122306M01400510,Pass,21,0.19744549761309246
1222306M01400980,Pass,21,0.20075589755560333
1122306M01200850,Pass,21,0.19024199773818995
1122305M01202720,Pass,11,0.2566404965850996
1122306M01300050,Pass,32,0.23241059770052958
1122305M01302690,Pass,11,0.2575117965699684
1122305M01202960,Pass,23,0.1904116977352429
1122305M01302650,Pass,32,0.20737089813537432
1122306M01400830,Pass,24,0.23104879702953046
1122306M01100280,Pass,12,0.4800933927045694
1122305M01202920,Pass,33,0.21212259805285527
1122306M01300500,Pass,12,0.4129907938698873
1122305M01302490,Pass,14,0.2702607963485666
1122306M01100430,Pass,31,0.15501809904454408
1222306M01400940,Pass,24,0.21727189726878302
1122305M01303130,Pass,24,0.21315579734026407
1222306M01100990,Pass,11,0.25897639654453386
1122305M01302570,Pass,12,0.3919998942344197
1122305M01202760,Pass,32,0.23353949768092488
1122306M01100760,Pass,14,0.2556860966016739
1122306M01300140,Pass,22,0.46333749299555593
1122306M01200480,Pass,11,0.25189039666759083
1122306M01400270,Pass,22,0.3913257942461263
1122305M01402500,Pass,22,0.20033619756289195
1122305M01102910,Fail,12,0.4101944939184485
1122306M01300370,Pass,12,0.5729873910913525
1122306M01200920,Pass,31,0.1570922990085231
1122305M01402460,Pass,31,0.15324189907538993
1122305M01402620,Pass,23,0.20119739754793617
1122306M01100720,Pass,33,0.24554769747238794
1122306M01100350,Pass,21,0.20609059746295982
1122305M01302570,Pass,32,0.21636989797909578
1122306M01300540,Pass,13,0.32881539533169507
1122306M01400670,Pass,23,0.18361579785326193
1122305M01202640,Pass,13,0.2651386964375181
1122306M01100760,Pass,31,0.15785649899525184
1122306M01100520,Pass,33,0.25428359732067846
1122305M01302730,Pass,32,0.23054429773294016
1122305M01402940,Pass,21,0.21663319727987482
1222306M01100990,Pass,14,0.2794040961897821
1122305M01102470,Pass,13,0.23965289688010985
1122306M01400630,Pass,14,0.2777561962183999
1122306M01100240,Pass,24,0.398153494127555
1122306M01400300,Pass,24,0.29501609591866085
1122306M01400030,Pass,14,0.2657963964260963
1122305M01403100,Pass,24,0.2170337972729179
1122306M01400630,Pass,31,0.1521404990945171
1122306M01300410,Pass,13,0.31242459561634117
1122305M01303010,Pass,22,0.19868649759154097
1222306M01400980,Pass,24,0.21097369737815888
1122305M01202440,Pass,32,0.2122409980507991
1122306M01200570,Pass,14,0.2689106963720127
1122306M01400590,Pass,12,0.30684689571320467
1122306M01400150,Pass,32,0.24327369751187872
1122305M01103110,Pass,31,0.15288709908155146
1122306M01400300,Pass,23,0.30761879569979966
1122306M01100350,Pass,13,0.28847569603224277
1122306M01100800,Pass,24,0.20394019750030412
1122305M01202920,Pass,31,0.1571034990083286
1122306M01100600,Pass,22,0.1974824976124499
1122306M01300020,Pass,12,0.26355609646500183
1122305M01202600,Pass,14,0.268256996383365
1222306M01200960,Pass,23,0.1918794977097528
1122306M01100720,Pass,24,0.2615012965006859
1122306M01400900,Pass,13,0.2878909960423969
1122305M01102950,Pass,23,0.1992429975818767
1122305M01402620,Pass,11,0.24657919675982626
1122305M01202520,Pass,34,0.20421659819015256
1122305M01303090,Pass,12,0.2535457966388428
1122305M01403060,Pass,11,0.2451200967851653
1122306M01400630,Pass,12,0.32750969535437013
1122306M01200850,Pass,22,0.20935799740621747
1122305M01102670,Pass,11,0.25508679661208145
1122306M01100470,Pass,23,0.348876194983315
1122306M01400300,Pass,22,0.3927945942206188
1122306M01300410,Pass,23,0.2675607963954554
1222306M01201000,Pass,12,0.3951441941798151
1122306M01400150,Pass,11,0.2532737966435664
1122306M01100720,Pass,11,0.25252579665655633
1122306M01200570,Pass,33,0.1992815982758548
1122305M01303130,Pass,12,0.2838291961129349
1122305M01302930,Fail,11,0.35564909486569535
1122305M01402580,Pass,14,0.2572663965742301
